Valår,Kommun,Styre,M,C,L,KD,S,V,MP,SD,ÖP
1994,Upplands väsby,V,,,,,S,V,,,
1994,Vallentuna,B,M,C,,KD,,,,,
1994,Österåker,BL,,,L,,S,,,,
1994,Värmdö,B,M,C,L,,,,MP,,
1994,Järfälla,V,,,,,S,V,MP,,
1994,Ekerö,B,M,C,L,KD,,,,,
1994,Huddinge,V,,,,,S,V,MP,,
1994,Botkyrka,V,,,,,S,V,MP,,
1994,Salem,B,M,C,L,KD,,,,,
1994,Haninge,BL,,,L,,S,,,,
1994,Tyresö,V,,,,,S,V,MP,,
1994,Upplands-Bro,V,,,,,S,V,,,
1994,Nykvarn,Ännu inte bildad,,,,,,,,,
1994,Täby,B,M,C,,KD,,,,,ÖP
1994,Danderyd,B,M,,,KD,,,,,
1994,Sollentuna,B,M,C,L,KD,,,,,
1994,Stockholm,V,,,,,S,V,MP,,
1994,Södertälje,V,,,,,S,V,,,
1994,Nacka,B,M,,L,,,,,,
1994,Sundbyberg,V,,,,,S,V,,,
1994,Solna,V,,,,,S,V,MP,,
1994,Lidingö,B,M,,,,,,,,
1994,Vaxholm,B,M,C,L,,,,,,
1994,Norrtälje,V,,,,,S,V,MP,,
1994,Sigtuna,V,,,,,S,V,MP,,
1994,Nynäshamn,V,,,,,S,V,MP,,
1994,Håbo,BL,,C,,,S,V,MP,,
1994,Älvkarleby,V,,,,,S,V,,,
1994,Heby,V,,,,,S,V,MP,,
1994,Tierp,V,,,,,S,,,,
1994,Uppsala,V,,,,,S,V,MP,,
1994,Enköping,V,,,,,S,V,MP,,
1994,Östhammar,V,,,,,S,V,,,
1994,Vingåker,V,,,,,S,,,,
1994,Gnesta,BL,,C,,,S,,,,
1994,Nyköping,V,,,,,S,,,,
1994,Oxelösund,V,,,,,S,,,,
1994,Flen,V,,,,,S,V,,,
1994,Katrineholm,V,,,,,S,,,,
1994,Eskilstuna,V,,,,,S,,,,
1994,Strängnäs,B,M,C,L,KD,,,,,ÖP
1994,Trosa,V,,,,,S,V,MP,,
1994,Ödeshög,BL,,,,,,,,,
1994,Ydre,BL,,,,,,,,,
1994,Kinda,V,,,,,S,,,,ÖP
1994,Boxholm,V,,,,,S,,,,
1994,Åtvidaberg,V,,,,,S,,,,
1994,Finspång,V,,,,,S,,,,
1994,Valdemarsvik,B,M,C,L,KD,,,,,
1994,Linköping,BL,,C,,,S,,,,
1994,Norrköping,V,,,,,S,,,,
1994,Söderköping,B,M,C,L,KD,,,,,
1994,Motala,V,,,,,S,,,,
1994,Vadstena,BL,,C,,,S,,,,
1994,Mjölby,BL,,C,,,S,,,,
1994,Aneby,B,M,C,L,KD,,,,,
1994,Gnosjö,A,M,C,L,KD,,,,,
1994,Mullsjö,B,M,C,L,KD,,,,,
1994,Habo,B,M,C,L,KD,,,,,
1994,Gislaved,BL,,C,,,S,,MP,,
1994,Vaggeryd,B,M,C,L,KD,,,,,
1994,Jönköping,BL,,C,,,S,,,,
1994,Nässjö,BL,,C,L,,S,,,,
1994,Värnamo,B,M,C,,KD,,,,,
1994,Sävsjö,B,M,C,,KD,,,,,
1994,Vetlanda,B,M,C,L,KD,,,,,
1994,Eksjö,BL,,,,,,,,,
1994,Tranås,V,,,,,S,,,,
1994,Uppvidinge,V,,,,,S,V,,,
1994,Lessebo,V,,,,,S,,,,
1994,Tingsryd,B,M,C,L,KD,,,,,
1994,Alvesta,BL,,C,,,S,,,,
1994,Älmhult,V,,,,,S,V,MP,,
1994,Mark,BL,M,C,L,KD,S,,,,
1994,Växjö,V,,,,,S,V,MP,,
1994,Ljungby,BL,,C,L,,S,,,,
1994,Högsby,B,M,C,L,KD,,,MP,,
1994,Torsås,B,M,C,L,KD,,,MP,,
1994,Mörbylånga,B,M,C,L,KD,,,MP,,
1994,Hultsfred,V,,,,,S,V,,,
1994,Mönsterås,B,M,C,L,KD,,,,,
1994,Emmaboda,V,,,,,S,V,,,
1994,Kalmar,V,,,,,S,V,,,
1994,Nybro,V,,,,,S,V,,,
1994,Oskarshamn,V,,,,,S,,,,
1994,Västervik,V,,,,,S,,,,
1994,Vimmerby,B,M,C,L,KD,,,,,
1994,Borgholm,BL,M,,,,S,,,,
1994,Gotland,V,,,,,S,V,MP,,
1994,Olofström,V,,,,,S,,,,
1994,Karlskrona,V,,,,,S,V,,,
1994,Ronneby,V,,,,,S,V,,,
1994,Karlshamn,V,,,,,S,,,,
1994,Sölvesborg,V,,,,,S,,,,
1994,Svalöv,V,,,,,S,,MP,,
1994,Staffanstorp,BL,,,L,,S,,,,
1994,Burlöv,V,,,,,S,,,,
1994,Vellinge,B,M,,,,,,,,
1994,Östra Göinge,V,,,,,S,,,,
1994,Örkelljunga,B,M,C,L,KD,,,,,
1994,Bjuv,V,,,,,S,,,,
1994,Kävlinge,V,,,,,S,,,,
1994,Lomma,B,M,C,L,KD,,,,,
1994,Svedala,BL,,,L,,S,,MP,,
1994,Skurup,V,,,,,S,,,,
1994,Sjöbo,B,M,C,L,,,,,,ÖP
1994,Hörby,B,M,C,L,KD,,,,,
1994,Höör,B,M,,L,KD,,,,,
1994,Tomelilla,BL,,,L,,S,,MP,,
1994,Bromölla,V,,,,,S,,,,
1994,Osby,V,,,,,S,,,,ÖP
1994,Perstorp,V,,,,,S,V,,,
1994,Klippan,BL,,,L,,S,,,,
1994,Åstorp,V,,,,,S,,,,
1994,Båstad,BL,,C,L,,S,,,,
1994,Malmö,V,,,,,S,,,,
1994,Lund,V,,,,,S,V,MP,,
1994,Landskrona,V,,,,,S,,,,
1994,Helsingborg,V,,,,,S,V,,,
1994,Höganäs,BL,,,L,,S,V,MP,,
1994,Eslöv,V,,,,,S,,,,
1994,Ystad,V,,,,,S,V,MP,,
1994,Trelleborg,V,,,,,S,,,,
1994,Kristianstad,V,,,,,S,,,,
1994,Simrishamn,BL,,C,,,S,,,,
1994,Ängelholm,B,M,C,L,,,,,,
1994,Hässleholm,BL,,C,,,S,,,,
1994,Hylte,BL,,C,,,S,,,,
1994,Halmstad,V,,,,,S,V,,,
1994,Laholm,B,M,C,L,KD,,,,,ÖP
1994,Falkenberg,V,,,,,S,,MP,,ÖP
1994,Varberg,V,,,,,S,V,MP,,
1994,Kungsbacka,BL,,,,,,,,,
1994,Härryda,BL,,C,,,S,V,MP,,
1994,Partille,V,,,,,S,V,MP,,
1994,Öckerö,B,M,C,L,KD,,,,,
1994,Stenungsund,BL,,C,,,S,V,MP,,
1994,Tjörn,BL,M,,,,S,,,,
1994,Orust,BL,,C,L,,S,,,,
1994,Sotenäs,BL,,C,,KD,S,V,MP,,
1994,Munkedal,BL,,,,,,,,,
1994,Tanum,B,M,C,L,KD,,,,,
1994,Dals-Ed,B,M,C,L,KD,,,,,
1994,Färgelanda,BL,M,,L,KD,S,,,,
1994,Ale,V,,,,,S,,,,
1994,Lerum,B,M,C,L,KD,,,MP,,
1994,Vårgårda,BL,,,,,,,,,
1994,Bollebygd,BL,,,L,KD,S,,MP,,
1994,Grästorp,B,M,C,,,,,,,
1994,Essunga,B,M,C,L,KD,,,,,
1994,Karlsborg,BL,,C,,KD,,,,,
1994,Gullspång,V,,,,,S,V,,,
1994,Tranemo,B,M,C,L,KD,,,,,
1994,Bengtsfors,V,,,,,S,,,,ÖP
1994,Mellerud,BL,,,,,,,,,
1994,Lilla Edet,V,,,,,S,V,,,
1994,Mark,V,,,,,S,V,,,
1994,Svenljunga,V,,,,,S,,,,
1994,Herrljunga,BL,,,,,,,,,
1994,Vara,B,M,C,L,KD,,,,,
1994,Götene,B,M,C,L,KD,,,,,
1994,Tibro,B,M,C,L,KD,,,,,
1994,Töreboda,BL,M,,L,KD,S,,,,
1994,Göteborg,V,,,,,S,V,MP,,
1994,Mölndal,V,,,,,S,V,MP,,
1994,Kungälv,V,,,,,S,V,MP,,
1994,Lysekil,V,,,,,S,,,,
1994,Uddevalla,V,,,,,S,,,,
1994,Strömstad,B,M,C,L,,,,,,
1994,Vänersborg,V,,,,,S,V,MP,,
1994,Trollhättan,V,,,,,S,,,,
1994,Alingsås,V,,,,,S,V,MP,,
1994,Borås,V,,,,,S,,,,
1994,Ulricehamn,BL,,,L,KD,S,,MP,,
1994,Åmål,V,,,,,S,,,,
1994,Mariestad,V,,,,,S,V,,,
1994,Lidköping,V,,,,,S,V,,,
1994,Skara,V,,,,,S,,MP,,
1994,Skövde,B,M,C,L,KD,,,,,
1994,Hjo,BL,M,C,L,KD,S,,MP,,
1994,Tidaholm,V,,,,,S,V,,,
1994,Falköping,B,M,C,L,KD,,,,,
1994,Kil,BL,,,,,,,,,
1994,Eda,V,,,,,S,V,,,
1994,Torsby,V,,,,,S,V,,,
1994,Storfors,V,,,,,S,V,,,
1994,Hammarö,V,,,,,S,,,,
1994,Munkfors,V,,,,,S,,,,
1994,Forshaga,V,,,,,S,,,,
1994,Grums,V,,,,,S,,,,
1994,Årjäng,B,M,C,L,KD,,,,,
1994,Sunne,B,M,C,L,KD,,,,,
1994,Karlstad,BL,,C,L,,S,,,,
1994,Kristinehamn,V,,,,,S,,,,
1994,Filipstad,V,,,,,S,,,,
1994,Hagfors,V,,,,,S,,,,
1994,Arvika,V,,,,,S,,,,
1994,Säffle,BL,,,,,,,,,
1994,Lekeberg,BL,,C,,,S,,,,
1994,Laxå,BL,,C,,,S,,,,
1994,Hallsberg,V,,,,,S,,,,
1994,Degerfors,V,,,,,S,,,,
1994,Hällefors,V,,,,,S,V,,,
1994,Ljusnarsberg,V,,,,,S,,,,
1994,Örebro,V,,,,,S,V,,,
1994,Kumla,V,,,,,S,,,,
1994,Askersund,V,,,,,S,,,,
1994,Karlskoga,V,,,,,S,,,,
1994,Nora,V,,,,,S,,,,
1994,Lindesberg,V,,,,,S,V,,,
1994,Skinnskatteberg,V,,,,,S,,,,
1994,Surahammar,V,,,,,S,,,,
1994,Kungsör,V,,,,,S,V,,,
1994,Hallstahammar,V,,,,,S,,,,
1994,Norberg,V,,,,,,V,,,
1994,Västerås,V,,,,,S,,,,
1994,Sala,B,M,C,L,KD,,,,,ÖP
1994,Fagersta,V,,,,,S,,,,
1994,Köping,V,,,,,S,,,,
1994,Arboga,BL,,C,,,S,,,,
1994,Vansbro,V,,,,,S,V,,,
1994,Malung- Sälen,V,,,,,S,V,,,
1994,Gagnef,V,,,,,S,V,MP,,
1994,Leksand,B,M,C,L,KD,,,,,ÖP
1994,Rättvik,V,,,,,S,V,,,
1994,Orsa,V,,,,,S,V,MP,,
1994,Älvdalen,BL,,,,,,,,,
1994,Smedjebacken,V,,,,,S,,,,
1994,Mora,BL,,C,,,S,,,,
1994,Falun,V,,,,,S,V,MP,,
1994,Borlänge,V,,,,,S,,,,
1994,Säter,V,,,,,S,V,MP,,
1994,Hedemora,V,,,,,S,V,,,
1994,Avesta,V,,,,,S,V,MP,,
1994,Ludvika,V,,,,,S,,,,
1994,Ockelbo,V,,,,,S,,,,
1994,Hofors,V,,,,,S,,,,
1994,Ovanåker,B,M,C,L,KD,,,MP,,
1994,Nordanstig,V,,,,,S,V,MP,,
1994,Ljusdal,V,,,,,S,,,,
1994,Gävle,V,,,,,S,,,,
1994,Sandviken,V,,,,,S,,,,
1994,Söderhamn,V,,,,,S,,,,
1994,Bollnäs,V,,,,,S,V,MP,,
1994,Hudiksvall,V,,,,,S,,,,
1994,Ånge,V,,,,,S,V,,,
1994,Timrå,V,,,,,S,,,,
1994,Härnösand,B,M,C,L,KD,,,,,ÖP
1994,Sundsvall,V,,,,,S,,,,
1994,Kramfors,V,,,,,S,,,,
1994,Sollefteå,V,,,,,S,,,,
1994,Örnsköldsvik,V,,,,,S,,,,
1994,Ragunda,V,,,,,S,,,,
1994,Bräcke,V,,,,,S,,,,
1994,Krokom,V,,,,,S,,,,
1994,Strömsund,V,,,,,S,,,,
1994,Åre,V,,,,,S,V,MP,,
1994,Berg,B,M,C,L,,,,,,
1994,Härjedalen,V,,,,,S,,,,
1994,Östersund,V,,,,,S,,,,
1994,Nordmaling,V,,,,,S,V,,,
1994,Bjurholm,B,M,C,L,KD,,,,,
1994,Vindeln,B,M,C,L,KD,,,,,
1994,Robertsfors,B,M,C,L,KD,,,,,
1994,Norsjö,V,,,,,S,,,,
1994,Malå,BL,,,,,,,,,
1994,Storuman,BL,,,,,,,,,
1994,Sorsele,B,M,C,L,KD,,,MP,,
1994,Dorotea,V,,,,,S,V,,,
1994,Vännäs,V,,,,,S,V,,,
1994,Vilhelmina,V,,,,,S,,,,
1994,Åsele,V,,,,,S,,,,
1994,Umeå,V,,,,,S,,,,
1994,Lycksele,V,,,,,S,,,,
1994,Skellefteå,V,,,,,S,,,,
1994,Arvidsjaur,V,,,,,S,,,,
1994,Arjeplog,B,,C,,KD,,,,,
1994,Jokkmokk,V,,,,,S,,,,ÖP
1994,Överkalix,V,,,,,S,,,,
1994,Kalix,V,,,,,S,,,,
1994,Övertorneå,V,,,,,S,,,,
1994,Pajala,V,,,,,S,,,,
1994,Gällivare,V,,,,,S,,,,
1994,Älvsbyn,V,,,,,S,,,,
1994,Luleå,V,,,,,S,,,,
1994,Piteå,V,,,,,S,,,,
1994,Boden,V,,,,,S,,,,
1994,Haparanda,V,,,,,S,,,,
1994,Kiruna,V,,,,,,V,MP,,ÖP
1998,Upplands väsby,V,,,,,S,V,MP,,
1998,Vallentuna,B,M,,L,KD,,,,,
1998,Österåker,B,M,C,L,KD,,,,,ÖP
1998,Värmdö,B,M,C,L,KD,,,MP,,
1998,Järfälla,B,M,C,L,KD,,,,,
1998,Ekerö,B,M,,L,KD,,,,,
1998,Huddinge,B,M,C,L,KD,,,,,ÖP
1998,Botkyrka,V,,,,,S,V,,,
1998,Salem,B,M,C,L,KD,,,,,
1998,Haninge,BL,,,L,,S,,,,
1998,Tyresö,B,M,C,L,KD,,,MP,,
1998,Upplands-Bro,V,,,,,S,V,,,
1998,Nykvarn,BL,,C,L,,S,V,,,
1998,Täby,B,M,,,,,,,,
1998,Danderyd,B,M,,,KD,,,,,
1998,Sollentuna,B,M,C,L,KD,,,,,ÖP
1998,Stockholm,B,M,,L,KD,,,,,ÖP
1998,Södertälje,V,,,,,S,,,,
1998,Nacka,B,M,,L,KD,,,,,
1998,Sundbyberg,V,,,,,S,V,MP,,
1998,Solna,B,M,,L,KD,,,,,
1998,Lidingö,B,M,,,,,,,,
1998,Vaxholm,B,M,C,L,KD,,,,,
1998,Norrtälje,B,M,C,L,KD,,,,,
1998,Sigtuna,B,M,C,L,KD,,,,,ÖP
1998,Nynäshamn,V,,,,,S,V,MP,,
1998,Håbo,BL,,C,,,S,V,,,ÖP
1998,Älvkarleby,V,,,,,S,V,,,
1998,Heby,B,M,C,L,KD,,,,,ÖP
1998,Tierp,V,,,,,S,V,,,
1998,Uppsala,V,,,,,S,V,MP,,
1998,Enköping,B,M,C,L,KD,,,,,
1998,Östhammar,V,,,,,S,V,MP,,
1998,Vingåker,V,,,,,S,,,,
1998,Gnesta,B,M,C,L,KD,,,MP,,ÖP
1998,Nyköping,V,,,,,S,V,,,
1998,Oxelösund,V,,,,,S,,,,
1998,Flen,V,,,,,S,V,MP,,
1998,Katrineholm,V,,,,,S,,,,
1998,Eskilstuna,V,,,,,S,V,,,
1998,Strängnäs,B,M,C,L,KD,,,,,
1998,Trosa,B,M,C,L,KD,,,,,
1998,Ödeshög,B,M,C,L,KD,,,,,
1998,Ydre,B,M,C,L,KD,,,,,
1998,Kinda,BL,,C,,,S,,,,
1998,Boxholm,V,,,,,S,V,,,
1998,Åtvidaberg,BL,M,C,,,S,,,,
1998,Finspång,V,,,,,S,V,,,
1998,Valdemarsvik,B,M,C,L,KD,,,,,
1998,Linköping,BL,,C,,,S,,MP,,
1998,Norrköping,V,,,,,S,V,,,
1998,Söderköping,B,M,C,L,KD,,,,,
1998,Motala,V,,,,,S,V,,,
1998,Vadstena,V,,,,,S,V,MP,,
1998,Mjölby,V,,,,,S,V,,,
1998,Aneby,B,M,C,L,KD,,,,,
1998,Gnosjö,B,M,C,L,KD,,,,,
1998,Mullsjö,BL,,,L,,S,V,MP,,
1998,Habo,B,M,C,L,KD,,,,,
1998,Gislaved,BL,,C,,,S,,MP,,
1998,Vaggeryd,BL,,C,,,S,,,,
1998,Jönköping,BL,,C,,,S,,,,
1998,Nässjö,BL,,C,L,,S,V,MP,,
1998,Värnamo,B,M,C,,KD,,,,,
1998,Sävsjö,B,M,C,,KD,,,,,
1998,Vetlanda,B,M,C,L,KD,,,,,
1998,Eksjö,BL,,,,,,,,,
1998,Tranås,B,M,C,L,KD,,,,,
1998,Uppvidinge,V,,,,,S,V,MP,,
1998,Lessebo,V,,,,,S,V,,,
1998,Tingsryd,B,M,C,L,KD,,,,,
1998,Alvesta,BL,,C,L,,S,,,,
1998,Älmhult,B,M,C,L,KD,,,,,
1998,Mark,BL,M,C,L,KD,S,,,,
1998,Växjö,V,,,,,S,V,MP,,
1998,Ljungby,BL,,C,L,,S,,,,
1998,Högsby,V,,,,,S,V,MP,,
1998,Torsås,B,M,C,L,KD,,,MP,,
1998,Mörbylånga,B,M,C,L,KD,,,MP,,
1998,Hultsfred,V,,,,,S,V,,,
1998,Mönsterås,B,M,C,L,KD,,,,,
1998,Emmaboda,V,,,,,S,V,,,
1998,Kalmar,V,,,,,S,V,MP,,
1998,Nybro,V,,,,,S,V,,,
1998,Oskarshamn,V,,,,,S,,,,
1998,Västervik,V,,,,,S,V,MP,,
1998,Vimmerby,B,M,C,L,KD,,,,,
1998,Borgholm,B,M,C,L,KD,,,,,
1998,Gotland,B,M,C,L,KD,,,,,ÖP
1998,Olofström,V,,,,,S,,,,
1998,Karlskrona,V,,,,,S,V,,,
1998,Ronneby,V,,,,,S,V,,,
1998,Karlshamn,V,,,,,S,V,MP,,
1998,Sölvesborg,BL,,,,,,,,,
1998,Svalöv,B,M,C,L,KD,,,,,
1998,Staffanstorp,B,M,,,,,,,,
1998,Burlöv,V,,,,,S,V,MP,,
1998,Vellinge,B,M,,,,,,,,
1998,Östra Göinge,V,,,,,S,,,,
1998,Örkelljunga,BL,M,C,,KD,,V,,,
1998,Bjuv,V,,,,,S,V,,,
1998,Kävlinge,V,,,,,S,,,,
1998,Lomma,B,M,C,L,KD,,,,,ÖP
1998,Svedala,BL,,,,,,,,,
1998,Skurup,BL,,,,,,,,,
1998,Sjöbo,BL,,,,,,,,,
1998,Hörby,B,M,C,L,KD,,,,,
1998,Höör,B,M,C,L,KD,,,,,ÖP
1998,Tomelilla,B,M,C,,KD,,,,,ÖP
1998,Bromölla,V,,,,,S,,,,
1998,Osby,B,M,C,L,KD,,,,,ÖP
1998,Perstorp,B,M,C,L,KD,,,,,ÖP
1998,Klippan,BL,,C,,,S,V,,,
1998,Åstorp,V,,,,,S,V,,,
1998,Båstad,B,M,C,L,,,,,,
1998,Malmö,V,,,,,S,V,MP,,
1998,Lund,B,M,C,L,KD,,,,,ÖP
1998,Landskrona,V,,,,,S,V,,,
1998,Helsingborg,B,M,,L,KD,,,,,
1998,Höganäs,B,M,C,,KD,,,,,ÖP
1998,Eslöv,V,,,,,S,V,MP,,
1998,Ystad,B,M,C,L,KD,,,,,ÖP
1998,Trelleborg,V,,,,,S,V,,,
1998,Kristianstad,V,,,,,S,V,MP,,ÖP
1998,Simrishamn,B,M,,L,KD,,,,,ÖP
1998,Ängelholm,B,M,C,,,,,,,
1998,Hässleholm,BL,,C,,,S,V,MP,,
1998,Hylte,BL,,,L,,S,,,,ÖP
1998,Halmstad,V,,,,,S,V,MP,,
1998,Laholm,B,M,C,,KD,,,,,
1998,Falkenberg,A,M,C,L,KD,,,,,
1998,Varberg,B,M,C,L,KD,,,,,ÖP
1998,Kungsbacka,B,M,C,L,KD,,,,,
1998,Härryda,V,,,,,S,V,MP,,ÖP
1998,Partille,B,M,,L,KD,,,MP,,
1998,Öckerö,BL,,C,L,KD,S,,,,
1998,Stenungsund,BL,,C,,,S,V,MP,,
1998,Tjörn,A,M,C,L,KD,,,,,ÖP
1998,Orust,V,,,,,S,V,MP,,ÖP
1998,Sotenäs,BL,,C,,,S,V,MP,,
1998,Munkedal,B,M,C,L,KD,,,MP,,ÖP
1998,Tanum,B,M,C,L,KD,,,,,
1998,Dals-Ed,B,M,C,L,KD,,,,,
1998,Färgelanda,BL,,C,L,KD,S,,,,
1998,Ale,V,,,,,S,V,MP,,
1998,Lerum,B,M,C,L,KD,,,MP,,
1998,Vårgårda,BL,,,,,,,,,
1998,Bollebygd,B,M,C,,KD,,,,,ÖP
1998,Grästorp,B,M,C,,,,,,,
1998,Essunga,B,M,C,L,KD,,,,,
1998,Karlsborg,V,,,,,S,,,,
1998,Gullspång,B,M,C,,KD,,,,,ÖP
1998,Tranemo,B,M,C,L,KD,,,,,
1998,Bengtsfors,B,M,C,L,KD,,,,,ÖP
1998,Mellerud,BL,,,,,,,,,
1998,Lilla Edet,V,,,,,S,V,MP,,
1998,Mark,V,,,,,S,V,,,
1998,Svenljunga,BL,,,,,,,,,
1998,Herrljunga,B,M,C,L,KD,,,,,
1998,Vara,B,M,C,L,KD,,,,,
1998,Götene,B,M,C,L,KD,,,,,ÖP
1998,Tibro,B,M,C,L,KD,,,,,
1998,Töreboda,BL,,C,,,S,V,MP,,
1998,Göteborg,V,,,,,S,V,MP,,
1998,Mölndal,V,,,,,S,V,MP,,ÖP
1998,Kungälv,B,M,C,L,KD,,,MP,,
1998,Lysekil,V,,,,,S,,,,
1998,Uddevalla,V,,,,,S,V,,,
1998,Strömstad,B,M,C,L,,,,,,
1998,Vänersborg,B,M,C,L,KD,,,,,ÖP
1998,Trollhättan,V,,,,,S,V,,,
1998,Alingsås,BL,,C,,,S,V,,,
1998,Borås,B,M,C,L,KD,,,MP,,ÖP
1998,Ulricehamn,B,M,C,L,KD,,,MP,,
1998,Åmål,BL,M,,,,S,,,,ÖP
1998,Mariestad,V,,,,,S,V,,,
1998,Lidköping,V,,,,,S,V,,,
1998,Skara,BL,,C,,,S,V,MP,,
1998,Skövde,B,M,C,L,KD,,,,,
1998,Hjo,B,M,C,L,,,,,,
1998,Tidaholm,BL,M,C,L,KD,S,,,,
1998,Falköping,A,M,C,L,KD,,,,,
1998,Kil,B,M,C,L,KD,,,MP,,
1998,Eda,BL,M,C,L,,,V,,,ÖP
1998,Torsby,V,,,,,S,V,,,
1998,Storfors,V,,,,,S,V,,,
1998,Hammarö,V,,,,,S,V,,,
1998,Munkfors,V,,,,,S,,,,
1998,Forshaga,V,,,,,S,,,,
1998,Grums,BL,,C,,,S,,,,
1998,Årjäng,B,M,C,L,KD,,,,,
1998,Sunne,B,,C,L,KD,,,,,
1998,Karlstad,V,,,,,S,V,MP,,
1998,Kristinehamn,V,,,,,S,V,,,
1998,Filipstad,V,,,,,S,,MP,,
1998,Hagfors,V,,,,,S,V,,,
1998,Arvika,V,,,,,S,,,,
1998,Säffle,B,M,C,L,KD,,,,,
1998,Lekeberg,BL,,C,,,S,,,,
1998,Laxå,BL,,C,,,S,,,,
1998,Hallsberg,V,,,,,S,V,,,
1998,Degerfors,BL,,,,,,,,,
1998,Hällefors,V,,,,,S,V,,,
1998,Ljusnarsberg,V,,,,,S,V,,,
1998,Örebro,V,,,,,S,V,MP,,
1998,Kumla,BL,,C,L,KD,S,,,,
1998,Askersund,BL,,,,,,,,,
1998,Karlskoga,V,,,,,S,,,,
1998,Nora,V,,,,,S,,MP,,
1998,Lindesberg,V,,,,,S,V,,,
1998,Skinnskatteberg,V,,,,,S,V,,,
1998,Surahammar,V,,,,,S,V,,,
1998,Kungsör,V,,,,,S,V,,,ÖP
1998,Hallstahammar,V,,,,,S,V,,,
1998,Norberg,V,,,,,,V,,,
1998,Västerås,V,,,,,S,V,MP,,
1998,Sala,B,M,C,L,KD,,,,,ÖP
1998,Fagersta,BL,,,,,,V,,,
1998,Köping,V,,,,,S,V,MP,,
1998,Arboga,BL,,C,,,S,,,,
1998,Vansbro,BL,,,,,,,,,
1998,Malung- Sälen,V,,,,,S,V,,,
1998,Gagnef,B,M,C,L,KD,,,MP,,
1998,Leksand,B,M,C,L,KD,,,,,ÖP
1998,Rättvik,B,M,C,L,KD,,,,,ÖP
1998,Orsa,V,,,,,S,V,MP,,
1998,Älvdalen,BL,,C,,,S,,,,
1998,Smedjebacken,BL,,C,,,S,,,,
1998,Mora,B,M,C,L,KD,,,MP,,ÖP
1998,Falun,A,M,C,L,KD,,,,,ÖP
1998,Borlänge,V,,,,,S,,,,
1998,Säter,B,M,C,L,KD,,,,,
1998,Hedemora,V,,,,,S,V,,,
1998,Avesta,V,,,,,S,V,MP,,
1998,Ludvika,V,,,,,S,,,,
1998,Ockelbo,V,,,,,S,V,,,
1998,Hofors,V,,,,,S,,,,
1998,Ovanåker,B,M,C,L,KD,,,MP,,
1998,Nordanstig,V,,,,,S,V,MP,,
1998,Ljusdal,V,,,,,S,V,,,
1998,Gävle,V,,,,,S,V,,,
1998,Sandviken,V,,,,,S,,,,
1998,Söderhamn,BL,,,,,,,,,
1998,Bollnäs,V,,,,,S,V,MP,,
1998,Hudiksvall,V,,,,,S,V,,,
1998,Ånge,V,,,,,S,,,,
1998,Timrå,BL,M,C,L,KD,,V,MP,,
1998,Härnösand,BL,,,,KD,S,V,MP,,
1998,Sundsvall,V,,,,,S,V,,,
1998,Kramfors,V,,,,,S,V,,,
1998,Sollefteå,V,,,,,S,V,,,
1998,Örnsköldsvik,V,,,,,S,,,,
1998,Ragunda,V,,,,,S,V,,,
1998,Bräcke,V,,,,,S,,,,
1998,Krokom,BL,,C,,,S,,,,
1998,Strömsund,V,,,,,S,,,,
1998,Åre,B,M,C,L,,,,,,
1998,Berg,B,M,C,L,KD,,,,,
1998,Härjedalen,V,,,,,S,V,,,
1998,Östersund,V,,,,,S,V,MP,,
1998,Nordmaling,B,M,C,L,KD,,,,,ÖP
1998,Bjurholm,B,M,C,L,KD,,,,,
1998,Vindeln,BL,,C,,KD,S,,,,
1998,Robertsfors,BL,M,,L,,S,,MP,,
1998,Norsjö,B,M,C,L,KD,,,,,
1998,Malå,V,,,,,S,,,,
1998,Storuman,BL,,,,,,,,,
1998,Sorsele,V,,,,,S,,,,
1998,Dorotea,B,,C,L,,,,,,ÖP
1998,Vännäs,V,,,,,S,V,,,
1998,Vilhelmina,V,,,,,S,,,,
1998,Åsele,B,M,C,L,KD,,,,,ÖP
1998,Umeå,V,,,,,S,V,,,
1998,Lycksele,V,,,,,S,V,,,
1998,Skellefteå,V,,,,,S,,,,
1998,Arvidsjaur,V,,,,,S,,,,
1998,Arjeplog,V,,,,,S,V,,,
1998,Jokkmokk,V,,,,,S,,,,ÖP
1998,Överkalix,V,,,,,S,,,,
1998,Kalix,BL,M,C,L,KD,,V,,,ÖP
1998,Övertorneå,BL,,C,,,S,V,,,
1998,Pajala,V,,,,,S,V,,,
1998,Gällivare,V,,,,,S,V,,,
1998,Älvsbyn,V,,,,,S,V,,,
1998,Luleå,V,,,,,S,V,,,
1998,Piteå,V,,,,,S,,,,
1998,Boden,V,,,,,S,V,MP,,
1998,Haparanda,BL,,C,,,S,,,,
1998,Kiruna,V,,,,,S,,,,ÖP
2002,Upplands väsby,V,,,,,S,V,MP,,
2002,Vallentuna,B,M,C,L,KD,,,,,
2002,Österåker,B,M,C,L,KD,,,,,ÖP
2002,Värmdö,BL,,C,,KD,S,,MP,,
2002,Järfälla,V,,,,,S,V,MP,,
2002,Ekerö,B,M,C,L,KD,,,,,
2002,Huddinge,V,,,,,S,V,MP,,
2002,Botkyrka,V,,,,,S,V,MP,,
2002,Salem,B,M,C,L,KD,,,,,
2002,Haninge,BL,,,L,,S,,,,
2002,Tyresö,B,M,C,L,KD,,,,,
2002,Upplands-Bro,V,,,,,S,V,,,
2002,Nykvarn,B,M,C,,,,,,,ÖP
2002,Täby,B,M,,L,KD,,,,,
2002,Danderyd,B,M,,,KD,,,,,
2002,Sollentuna,B,M,C,L,,,,,,
2002,Stockholm,V,,,,,S,V,MP,,
2002,Södertälje,V,,,,,S,V,MP,,
2002,Nacka,B,M,,L,KD,,,,,
2002,Sundbyberg,V,,,,,S,V,MP,,
2002,Solna,B,M,,L,KD,,,,,
2002,Lidingö,B,M,,L,,,,,,
2002,Vaxholm,B,M,C,L,KD,,,,,
2002,Norrtälje,B,M,C,L,KD,,,,,
2002,Sigtuna,V,,,,,S,V,MP,,
2002,Nynäshamn,BL,,,L,,S,,,,
2002,Håbo,BL,,C,L,,S,V,MP,,
2002,Älvkarleby,V,,,,,S,V,,,
2002,Knivsta,B,M,C,L,KD,,,,,
2002,Heby,B,,C,L,KD,,,MP,,ÖP
2002,Tierp,V,,,,,S,,,,
2002,Uppsala,V,,,,,S,V,MP,,
2002,Enköping,B,M,C,L,KD,,,,,
2002,Östhammar,V,,,,,S,V,MP,,
2002,Vingåker,BL,M,C,L,KD,,V,MP,,ÖP
2002,Gnesta,B,M,C,L,KD,,,,,ÖP
2002,Nyköping,V,,,,,S,,,,
2002,Oxelösund,V,,,,,S,V,,,
2002,Flen,B,M,C,L,KD,,,,,ÖP
2002,Katrineholm,V,,,,,S,,,,
2002,Eskilstuna,V,,,,,S,V,,,
2002,Strängnäs,B,M,C,L,KD,,,,,
2002,Trosa,V,,,,,S,V,MP,,
2002,Ödeshög,B,M,C,,KD,,,,,
2002,Ydre,BL,,,,,,,,,
2002,Kinda,B,M,C,L,KD,,,,,
2002,Boxholm,V,,,,,S,,,,
2002,Åtvidaberg,B,M,C,L,KD,,,,,ÖP
2002,Finspång,V,,,,,S,V,,,
2002,Valdemarsvik,B,M,C,L,KD,,,,,
2002,Linköping,BL,,C,,,S,,,,
2002,Norrköping,V,,,,,S,V,,,
2002,Söderköping,B,M,C,L,KD,,,,,
2002,Motala,V,,,,,S,V,,,
2002,Vadstena,BL,M,,,,S,,,,
2002,Mjölby,V,,,,,S,V,,,
2002,Aneby,BL,,C,,,S,,,,
2002,Gnosjö,B,M,C,L,KD,,,,,
2002,Mullsjö,B,M,C,,KD,,,,,
2002,Habo,B,M,C,L,KD,,,,,
2002,Gislaved,BL,,C,,,S,,MP,,
2002,Vaggeryd,B,M,C,L,KD,,,,,
2002,Jönköping,BL,,C,,,S,,,,
2002,Nässjö,BL,,C,L,,S,,,,
2002,Värnamo,B,M,C,L,KD,,,,,
2002,Sävsjö,B,M,C,,KD,,,,,
2002,Vetlanda,B,M,C,L,KD,,,,,
2002,Eksjö,BL,,C,L,KD,S,,MP,,
2002,Tranås,B,M,C,L,KD,,,,,
2002,Uppvidinge,V,,,,,S,V,,,
2002,Lessebo,V,,,,,S,,,,
2002,Tingsryd,BL,,C,L,,S,,,,
2002,Alvesta,B,M,C,L,KD,,,,,
2002,Älmhult,BL,,,L,,S,V,MP,,
2002,Mark,B,M,C,L,KD,,,,,
2002,Växjö,V,,,,,S,V,MP,,
2002,Ljungby,BL,,C,L,,S,,,,
2002,Högsby,B,M,C,L,KD,,,,,
2002,Torsås,B,M,C,L,KD,,,MP,,
2002,Mörbylånga,B,M,C,L,KD,,,MP,,ÖP
2002,Hultsfred,V,,,,,S,V,,,
2002,Mönsterås,B,M,C,L,KD,,,,,
2002,Emmaboda,V,,,,,S,,,,
2002,Kalmar,V,,,,,S,V,MP,,
2002,Nybro,V,,,,,S,,,,
2002,Oskarshamn,V,,,,,S,,,,
2002,Västervik,B,M,C,L,KD,,,,,ÖP
2002,Vimmerby,B,M,C,L,KD,,,,,
2002,Borgholm,B,M,C,L,KD,,,MP,,
2002,Gotland,V,,,,,S,V,MP,,
2002,Olofström,V,,,,,S,V,,,
2002,Karlskrona,V,,,,,S,V,MP,,
2002,Ronneby,V,,,,,S,V,,,
2002,Karlshamn,BL,,,L,KD,S,,,,
2002,Sölvesborg,V,,,,,S,V,,,
2002,Svalöv,A,,C,L,KD,,,,,
2002,Staffanstorp,B,M,,L,KD,,,,,
2002,Burlöv,V,,,,,S,V,MP,,
2002,Vellinge,B,M,,,,,,,,
2002,Östra Göinge,V,,,,,S,V,,,
2002,Örkelljunga,B,M,C,,KD,,,,,ÖP
2002,Bjuv,V,,,,,S,,,,
2002,Kävlinge,BL,M,,,,S,V,,,
2002,Lomma,B,M,C,L,KD,,,,,ÖP
2002,Svedala,BL,,,,,,,,,
2002,Skurup,B,M,C,L,KD,,,,,
2002,Sjöbo,B,M,C,L,KD,,,,,ÖP
2002,Hörby,B,M,C,L,KD,,,,,ÖP
2002,Höör,B,M,C,L,KD,,,,,ÖP
2002,Tomelilla,B,M,C,L,KD,,,,,ÖP
2002,Bromölla,V,,,,,S,,,,
2002,Osby,V,,,,,S,V,,,
2002,Perstorp,BL,,C,L,,S,,,,
2002,Klippan,B,M,C,L,KD,,,,,
2002,Åstorp,BL,,C,L,KD,S,,,,
2002,Båstad,B,M,C,L,,,,,,
2002,Malmö,V,,,,,S,V,,,
2002,Lund,V,,,,,S,V,MP,,
2002,Landskrona,V,,,,,S,V,,,
2002,Helsingborg,V,,,,,S,V,,,
2002,Höganäs,B,M,C,L,KD,,,,,
2002,Eslöv,V,,,,,S,V,MP,,
2002,Ystad,V,,,,,S,V,MP,,ÖP
2002,Trelleborg,BL,M,,,,S,,,,
2002,Kristianstad,BL,,,,KD,S,,MP,,
2002,Simrishamn,B,M,C,L,KD,,,,,ÖP
2002,Ängelholm,B,M,C,L,KD,,,,,ÖP
2002,Hässleholm,BL,,C,,,S,V,,,
2002,Hylte,BL,M,C,L,,S,V,,,
2002,Halmstad,V,,,,,S,V,,,ÖP
2002,Laholm,B,M,C,L,KD,,,,,
2002,Falkenberg,B,M,C,L,KD,,,MP,,
2002,Varberg,B,M,C,L,KD,,,,,ÖP
2002,Kungsbacka,B,M,C,L,KD,,,,,ÖP
2002,Härryda,A,M,C,L,KD,,,,,
2002,Partille,B,M,,L,KD,,,MP,,
2002,Öckerö,B,M,,,KD,,,,,
2002,Stenungsund,BL,,C,,,S,V,MP,,
2002,Tjörn,BL,,,,KD,S,,,,ÖP
2002,Orust,BL,M,,,,S,,,,ÖP
2002,Sotenäs,BL,,C,,,S,V,MP,,
2002,Munkedal,BL,,,,KD,S,V,,,
2002,Tanum,B,M,C,L,KD,,,,,
2002,Dals-Ed,B,M,C,L,KD,,,,,
2002,Färgelanda,BL,,,L,KD,S,,,,
2002,Ale,V,,,,,S,V,,,
2002,Lerum,B,M,C,L,KD,,,,,
2002,Vårgårda,BL,,,,,,,,,
2002,Bollebygd,B,M,C,L,KD,,,,,
2002,Grästorp,BL,,C,,,S,,,,
2002,Essunga,B,M,C,,KD,,,,,
2002,Karlsborg,V,,,,,S,,,,
2002,Gullspång,B,M,C,L,KD,,,,,ÖP
2002,Tranemo,B,M,C,L,KD,,,,,
2002,Bengtsfors,BL,,,L,,S,,,,
2002,Mellerud,BL,M,C,,,S,,,,
2002,Lilla Edet,B,M,C,L,KD,,,MP,,
2002,Mark,B,M,C,L,KD,,,MP,,ÖP
2002,Svenljunga,B,M,C,L,KD,,,,,
2002,Herrljunga,B,M,C,L,KD,,,,,
2002,Vara,B,M,C,L,,,,,,
2002,Götene,B,M,C,L,KD,,,MP,,
2002,Tibro,B,M,C,L,KD,,,,,
2002,Töreboda,BL,,C,,,S,V,MP,,
2002,Göteborg,V,,,,,S,V,MP,,
2002,Mölndal,V,,,,,S,V,MP,,ÖP
2002,Kungälv,V,,,,,S,V,MP,,
2002,Lysekil,V,,,,,S,V,MP,,
2002,Uddevalla,V,,,,,S,V,,,
2002,Strömstad,B,M,C,L,KD,,,,,
2002,Vänersborg,BL,,C,,,S,,,,
2002,Trollhättan,V,,,,,S,V,,,
2002,Alingsås,B,M,,L,KD,,,MP,,
2002,Borås,B,M,C,L,KD,,,MP,,ÖP
2002,Ulricehamn,B,M,C,L,KD,,,,,
2002,Åmål,B,,C,L,KD,,,,,
2002,Mariestad,B,M,C,L,KD,,,,,ÖP
2002,Lidköping,V,,,,,S,,,,
2002,Skara,BL,,C,,,S,,,,
2002,Skövde,B,M,C,L,KD,,,,,
2002,Hjo,B,M,C,L,KD,,,,,
2002,Tidaholm,V,,,,,S,V,MP,,
2002,Falköping,B,M,C,L,KD,,,,,
2002,Kil,B,M,C,L,KD,,,MP,,
2002,Eda,V,,,,,S,V,,,
2002,Torsby,V,,,,,S,V,,,
2002,Storfors,V,,,,,S,V,,,
2002,Hammarö,V,,,,,S,V,,,
2002,Munkfors,V,,,,,S,,,,
2002,Forshaga,V,,,,,S,,,,
2002,Grums,V,,,,,S,,,,
2002,Årjäng,B,M,C,L,KD,,,,,
2002,Sunne,B,M,C,L,KD,,,,,
2002,Karlstad,V,,,,,S,V,MP,,
2002,Kristinehamn,B,M,C,L,KD,,,,,
2002,Filipstad,V,,,,,S,V,,,
2002,Hagfors,BL,,C,,,S,,,,
2002,Arvika,V,,,,,S,,,,
2002,Säffle,B,M,C,L,KD,,,,,
2002,Lekeberg,BL,M,,L,KD,S,V,MP,,
2002,Laxå,V,,,,,S,V,,,
2002,Hallsberg,V,,,,,S,,,,
2002,Degerfors,V,,,,,S,,,,
2002,Hällefors,V,,,,,S,,,,
2002,Ljusnarsberg,V,,,,,S,,,,
2002,Örebro,V,,,,,S,V,MP,,
2002,Kumla,V,,,,,S,,,,
2002,Askersund,BL,,C,,,S,,,,
2002,Karlskoga,V,,,,,S,,,,
2002,Nora,V,,,,,S,,MP,,
2002,Lindesberg,V,,,,,S,V,,,
2002,Skinnskatteberg,V,,,,,S,,,,
2002,Surahammar,V,,,,,S,,,,
2002,Kungsör,V,,,,,S,V,,,
2002,Hallstahammar,V,,,,,S,V,,,
2002,Norberg,V,,,,,S,V,,,
2002,Västerås,V,,,,,S,V,,,
2002,Sala,B,M,C,L,KD,,,,,ÖP
2002,Fagersta,BL,M,C,L,KD,,V,,,
2002,Köping,V,,,,,S,V,MP,,
2002,Arboga,BL,,C,L,,S,,,,
2002,Vansbro,V,,,,,S,V,,,
2002,Malung- Sälen,V,,,,,S,V,,,
2002,Gagnef,B,M,C,L,KD,,,,,
2002,Leksand,B,M,C,L,KD,,,,,ÖP
2002,Rättvik,B,M,C,L,KD,,,MP,,ÖP
2002,Orsa,BL,,,L,,S,,MP,,
2002,Älvdalen,BL,,C,,,S,,MP,,
2002,Smedjebacken,V,,,,,S,V,,,
2002,Mora,BL,,C,,,S,,,,
2002,Falun,BL,,C,,,S,,MP,,
2002,Borlänge,V,,,,,S,,,,
2002,Säter,BL,,C,,KD,S,,,,
2002,Hedemora,B,M,C,L,KD,,,MP,,ÖP
2002,Avesta,B,M,C,L,KD,,,MP,,ÖP
2002,Ludvika,V,,,,,S,V,,,
2002,Ockelbo,V,,,,,S,,,,
2002,Hofors,V,,,,,S,,,,
2002,Ovanåker,B,M,C,L,KD,,,,,
2002,Nordanstig,B,M,C,L,KD,,,,,
2002,Ljusdal,V,,,,,S,V,MP,,
2002,Gävle,V,,,,,S,,,,
2002,Sandviken,V,,,,,S,,,,
2002,Söderhamn,BL,,C,,,S,,,,
2002,Bollnäs,B,M,C,L,KD,,,,,
2002,Hudiksvall,V,,,,,S,V,,,
2002,Ånge,V,,,,,S,,,,
2002,Timrå,V,,,,,S,,,,
2002,Härnösand,V,,,,,S,V,MP,,
2002,Sundsvall,V,,,,,S,V,,,
2002,Kramfors,V,,,,,S,V,,,
2002,Sollefteå,V,,,,,S,V,,,
2002,Örnsköldsvik,V,,,,,S,,,,
2002,Ragunda,V,,,,,S,,,,
2002,Bräcke,V,,,,,S,,,,
2002,Krokom,BL,,C,,,S,,,,
2002,Strömsund,V,,,,,S,,,,
2002,Åre,V,,,,,S,V,MP,,
2002,Berg,BL,,,,,S,,MP,,ÖP
2002,Härjedalen,V,,,,,S,V,,,
2002,Östersund,V,,,,,S,V,,,
2002,Nordmaling,V,,,,,S,V,,,
2002,Bjurholm,B,M,C,L,KD,,,,,
2002,Vindeln,BL,,C,,,S,,,,
2002,Robertsfors,BL,M,,L,,S,,MP,,
2002,Norsjö,BL,,,,KD,S,V,,,
2002,Malå,V,,,,,S,V,,,
2002,Storuman,BL,M,,L,KD,S,,,,
2002,Sorsele,V,,,,,S,V,,,
2002,Dorotea,B,,C,L,,,,,,ÖP
2002,Vännäs,V,,,,,S,V,,,
2002,Vilhelmina,V,,,,,S,V,,,
2002,Åsele,V,,,,,S,V,,,
2002,Umeå,V,,,,,S,,,,
2002,Lycksele,V,,,,,S,,,,
2002,Skellefteå,V,,,,,S,,,,
2002,Arvidsjaur,V,,,,,S,,,,
2002,Arjeplog,BL,,C,,,S,,,,ÖP
2002,Jokkmokk,BL,,,,KD,S,,,,
2002,Överkalix,V,,,,,S,,,,
2002,Kalix,B,,C,L,KD,,,MP,,
2002,Övertorneå,V,,,,,S,V,,,ÖP
2002,Pajala,BL,,C,,KD,S,,,,
2002,Gällivare,V,,,,,S,,,,
2002,Älvsbyn,V,,,,,S,,,,
2002,Luleå,V,,,,,S,V,,,
2002,Piteå,V,,,,,S,,,,
2002,Boden,BL,M,C,L,,,V,MP,,ÖP
2002,Haparanda,V,,,,,S,V,,,
2002,Kiruna,BL,M,C,L,KD,S,,MP,,
2006,Upplands väsby,A,M,C,L,KD,,,,,
2006,Vallentuna,A,M,C,L,KD,,,,,
2006,Österåker,A,M,C,L,KD,,,,,ÖP
2006,Värmdö,A,M,C,L,KD,,,,,
2006,Järfälla,A,M,C,L,KD,,,,,
2006,Ekerö,A,M,C,L,KD,,,,,
2006,Huddinge,A,M,,L,KD,,,,,ÖP
2006,Botkyrka,V,,,,,S,V,MP,,
2006,Salem,A,M,C,L,KD,,,,,
2006,Haninge,A,M,C,L,KD,,,MP,,
2006,Tyresö,A,M,C,L,KD,,,,,
2006,Upplands-Bro,A,M,C,L,KD,,,,,
2006,Nykvarn,A,M,C,,,,,,,ÖP
2006,Täby,A,M,C,L,KD,,,,,
2006,Danderyd,A,M,,,KD,,,,,
2006,Sollentuna,A,M,C,L,KD,,,,,
2006,Stockholm,A,M,C,L,KD,,,,,
2006,Södertälje,V,,,,,S,V,MP,,
2006,Nacka,A,M,,L,KD,,,,,
2006,Sundbyberg,A,M,C,L,KD,,,,,
2006,Solna,A,M,,L,KD,,,,,
2006,Lidingö,A,M,,L,,,,,,
2006,Vaxholm,A,M,C,L,KD,,,,,
2006,Norrtälje,A,M,C,L,KD,,,,,
2006,Sigtuna,BL,,C,,,S,,MP,,
2006,Nynäshamn,BL,,,L,,S,,,,
2006,Håbo,A,M,,L,KD,,,,,ÖP
2006,Älvkarleby,V,,,,,S,V,,,
2006,Knivsta,A,M,C,L,KD,,,,,
2006,Heby,BL,M,,L,,S,V,,,
2006,Tierp,V,,,,,S,V,,,
2006,Uppsala,A,M,C,L,KD,,,,,
2006,Enköping,A,M,C,L,KD,,,,,
2006,Östhammar,A,M,C,L,KD,,,MP,,ÖP
2006,Vingåker,V,,,,,S,,,,
2006,Gnesta,A,M,C,L,KD,,,,,
2006,Nyköping,A,M,C,L,KD,,,MP,,
2006,Oxelösund,V,,,,,S,,,,
2006,Flen,V,,,,,S,,,,ÖP
2006,Katrineholm,V,,,,,S,,,,
2006,Eskilstuna,V,,,,,S,V,,,
2006,Strängnäs,B,M,C,L,KD,,,,,ÖP
2006,Trosa,A,M,C,L,KD,,,,,
2006,Ödeshög,A,M,C,L,KD,,,,,
2006,Ydre,BL,M,C,,KD,S,,,,ÖP
2006,Kinda,A,M,C,L,KD,,,,,
2006,Boxholm,V,,,,,S,,,,
2006,Åtvidaberg,BL,M,,,,S,,,,
2006,Finspång,V,,,,,S,V,,,
2006,Valdemarsvik,A,M,C,L,KD,,,,,
2006,Linköping,A,M,C,L,KD,,,,,
2006,Norrköping,V,,,,,S,V,MP,,
2006,Söderköping,A,M,C,L,KD,,,,,
2006,Motala,A,M,C,L,KD,,,MP,,ÖP
2006,Vadstena,BL,M,,,,S,,,,
2006,Mjölby,A,M,C,L,KD,,,,,ÖP
2006,Aneby,A,M,C,L,KD,,,,,
2006,Gnosjö,A,M,C,L,KD,,,,,
2006,Mullsjö,A,M,C,L,KD,,,,,ÖP
2006,Habo,BL,M,C,L,KD,S,,,,
2006,Gislaved,A,M,C,L,KD,,,,,
2006,Vaggeryd,A,M,C,L,KD,,,,,
2006,Jönköping,A,M,C,L,KD,,,MP,,
2006,Nässjö,V,,,,,S,V,,,ÖP
2006,Värnamo,A,M,C,L,KD,,,,,
2006,Sävsjö,A,M,C,L,KD,,,,,
2006,Vetlanda,A,M,C,L,KD,,,,,
2006,Eksjö,A,M,C,L,KD,,,,,
2006,Tranås,A,M,C,L,KD,,,,,
2006,Uppvidinge,A,M,C,L,KD,,,,,
2006,Lessebo,V,,,,,S,,,,
2006,Tingsryd,A,M,C,L,KD,,,,,
2006,Alvesta,BL,,C,L,,S,,,,
2006,Älmhult,A,M,C,L,KD,,,MP,,
2006,Mark,A,M,C,L,KD,,,,,
2006,Växjö,A,M,C,L,KD,,,,,
2006,Ljungby,V,,,,,S,,,,
2006,Högsby,A,M,C,L,KD,,,MP,,ÖP
2006,Torsås,V,,,,,S,V,,,ÖP
2006,Mörbylånga,A,M,C,L,KD,,,MP,,ÖP
2006,Hultsfred,V,,,,,S,V,,,
2006,Mönsterås,A,M,C,L,KD,,,,,
2006,Emmaboda,V,,,,,S,V,,,
2006,Kalmar,V,,,,,S,V,MP,,
2006,Nybro,V,,,,,S,V,MP,,
2006,Oskarshamn,V,,,,,S,V,,,
2006,Västervik,A,M,C,L,KD,,,,,ÖP
2006,Vimmerby,A,M,C,L,KD,,,,,
2006,Borgholm,A,M,C,L,KD,,,MP,,
2006,Gotland,A,M,C,L,KD,,,,,
2006,Olofström,V,,,,,S,,,,
2006,Karlskrona,A,M,C,L,KD,,,MP,,
2006,Ronneby,BL,,,L,KD,S,,,,
2006,Karlshamn,BL,,,L,KD,S,,,,
2006,Sölvesborg,V,,,,,S,V,,,ÖP
2006,Svalöv,BL,M,,,,S,,,,
2006,Staffanstorp,A,M,,L,KD,,,,,
2006,Burlöv,BL,M,,,,S,,,,
2006,Vellinge,A,M,,,,,,,,
2006,Östra Göinge,V,,,,,S,,,,
2006,Örkelljunga,A,M,C,,KD,,,,,ÖP
2006,Bjuv,V,,,,,S,V,,,
2006,Kävlinge,A,M,C,L,KD,,,,,
2006,Lomma,A,M,C,L,KD,,,,,ÖP
2006,Svedala,BL,,,,,,,,,
2006,Skurup,A,M,C,L,KD,,,,,
2006,Sjöbo,A,M,C,L,,,,,,
2006,Hörby,A,M,C,L,KD,,,MP,,
2006,Höör,A,M,C,L,KD,,,,,
2006,Tomelilla,A,M,C,L,KD,,,,,ÖP
2006,Bromölla,V,,,,,S,,,,
2006,Osby,A,M,C,L,KD,,,,,
2006,Perstorp,V,,,,,S,V,,,
2006,Klippan,A,M,C,L,KD,,,,,
2006,Åstorp,BL,,C,,,S,,,,
2006,Båstad,A,M,,L,,,,,,ÖP
2006,Malmö,V,,,,,S,V,MP,,
2006,Lund,A,M,C,L,KD,,,,,
2006,Landskrona,A,M,,L,,,,MP,,
2006,Helsingborg,A,M,C,L,KD,,,,,ÖP
2006,Höganäs,A,M,C,L,KD,,,,,
2006,Eslöv,V,,,,,S,V,MP,,
2006,Ystad,A,M,C,L,KD,,,,,ÖP
2006,Trelleborg,A,M,C,L,KD,,,MP,,ÖP
2006,Kristianstad,A,M,C,L,,,,,,ÖP
2006,Simrishamn,A,M,C,L,KD,,,,,ÖP
2006,Ängelholm,A,M,C,L,KD,,,,,ÖP
2006,Hässleholm,A,M,C,L,KD,,,,,ÖP
2006,Hylte,BL,M,C,L,,S,V,,,
2006,Halmstad,A,M,C,L,KD,,,,,ÖP
2006,Laholm,A,M,C,L,KD,,,,,
2006,Falkenberg,A,M,C,L,KD,,,,,ÖP
2006,Varberg,A,M,C,L,KD,,,,,ÖP
2006,Kungsbacka,A,M,C,L,KD,,,,,
2006,Härryda,A,M,C,L,KD,,,,,
2006,Partille,A,M,C,L,KD,,,,,
2006,Öckerö,A,M,,L,KD,,,,,
2006,Stenungsund,A,M,C,L,KD,,,MP,,
2006,Tjörn,A,,C,L,,S,,,,
2006,Orust,A,M,C,L,KD,,,,,
2006,Sotenäs,A,M,C,L,KD,,,,,ÖP
2006,Munkedal,A,M,C,,KD,,,MP,,ÖP
2006,Tanum,A,M,C,L,KD,,,,,
2006,Dals-Ed,A,M,C,,KD,,,,,
2006,Färgelanda,A,M,C,L,KD,,,,,
2006,Ale,V,,,,,S,V,MP,,
2006,Lerum,A,M,C,L,KD,,,,,
2006,Vårgårda,A,M,C,L,KD,,,,,
2006,Bollebygd,A,M,C,L,KD,,,,,
2006,Grästorp,A,M,C,L,KD,,,,,
2006,Essunga,A,M,C,,KD,,,,,
2006,Karlsborg,A,M,C,L,KD,,,,,
2006,Gullspång,BL,,C,,,S,,,,
2006,Tranemo,A,M,C,L,KD,,,,,
2006,Bengtsfors,B,M,C,L,KD,,,,,
2006,Mellerud,A,M,C,L,KD,,,,,
2006,Lilla Edet,A,M,C,L,KD,,,MP,,
2006,Mark,V,,,,,S,V,,,
2006,Svenljunga,A,M,C,L,KD,,,,,
2006,Herrljunga,A,M,C,L,KD,,,,,
2006,Vara,A,M,C,L,KD,,,,,
2006,Götene,A,M,C,L,KD,,,,,
2006,Tibro,A,M,C,L,KD,,,,,
2006,Töreboda,BL,,C,,,S,,,,
2006,Göteborg,V,,,,,S,V,MP,,
2006,Mölndal,A,M,C,L,KD,,,,,ÖP
2006,Kungälv,A,M,C,L,KD,,,,,
2006,Lysekil,A,M,C,L,KD,,,,,
2006,Uddevalla,A,M,C,L,KD,,,,,ÖP
2006,Strömstad,V,,,,,S,V,,,ÖP
2006,Vänersborg,BL,,C,,,S,,,,
2006,Trollhättan,V,,,,,S,,,,
2006,Alingsås,A,M,C,L,KD,,,,,
2006,Borås,A,M,C,L,KD,,,MP,,ÖP
2006,Ulricehamn,A,M,C,L,KD,,,,,
2006,Åmål,A,,C,L,KD,,,,,
2006,Mariestad,BL,,C,,,S,,MP,,
2006,Lidköping,V,,,,,S,V,MP,,
2006,Skara,A,M,C,L,KD,,,,,
2006,Skövde,A,M,C,L,KD,,,,,
2006,Hjo,A,M,C,L,KD,,,,,
2006,Tidaholm,V,,,,,S,,,,
2006,Falköping,B,M,C,L,KD,,,,,
2006,Kil,BL,,,,KD,S,,MP,,
2006,Eda,V,,,,,S,,,,ÖP
2006,Torsby,V,,,,,S,,,,
2006,Storfors,V,,,,,S,V,,,
2006,Hammarö,V,,,,,S,V,MP,,
2006,Munkfors,V,,,,,S,V,,,
2006,Forshaga,V,,,,,S,,,,
2006,Grums,V,,,,,S,,,,
2006,Årjäng,A,M,C,L,KD,,,,,
2006,Sunne,A,M,C,L,KD,,,,,
2006,Karlstad,V,,,,,S,V,MP,,
2006,Kristinehamn,A,M,C,L,KD,,,,,ÖP
2006,Filipstad,V,,,,,S,,,,
2006,Hagfors,V,,,,,S,,,,
2006,Arvika,V,,,,,S,V,MP,,
2006,Säffle,A,M,C,L,KD,,,,,
2006,Lekeberg,A,M,C,L,KD,,,,,
2006,Laxå,V,,,,,S,V,,,
2006,Hallsberg,V,,,,,S,,,,
2006,Degerfors,BL,M,C,L,KD,S,,,,
2006,Hällefors,V,,,,,S,,,,
2006,Ljusnarsberg,V,,,,,S,V,,,
2006,Örebro,A,M,C,L,KD,,,MP,,
2006,Kumla,V,,,,,S,,,,
2006,Askersund,BL,,C,,,S,,,,
2006,Karlskoga,V,,,,,S,,,,
2006,Nora,V,,,,,S,V,,,
2006,Lindesberg,BL,M,C,L,KD,,V,,,
2006,Skinnskatteberg,A,M,C,L,KD,,,,,ÖP
2006,Surahammar,V,,,,,S,,,,
2006,Kungsör,BL,,C,,,S,,,,
2006,Hallstahammar,V,,,,,S,V,,,
2006,Norberg,V,,,,,S,V,,,
2006,Västerås,A,M,C,L,KD,,,MP,,
2006,Sala,A,M,C,L,KD,,,,,
2006,Fagersta,V,,,,,,V,,,
2006,Köping,V,,,,,S,V,MP,,
2006,Arboga,V,,,,,S,V,,,
2006,Vansbro,A,M,C,L,KD,,,,,
2006,Malung- Sälen,B,M,C,L,KD,,,,,ÖP
2006,Gagnef,A,M,C,L,KD,,,,,
2006,Leksand,B,M,C,L,KD,,,,,
2006,Rättvik,A,M,C,L,KD,,,MP,,ÖP
2006,Orsa,V,,,,,S,V,MP,,
2006,Älvdalen,BL,,,L,,S,,MP,,
2006,Smedjebacken,V,,,,,S,V,,,
2006,Mora,BL,,C,,,S,,,,
2006,Falun,A,M,C,L,KD,,,,,ÖP
2006,Borlänge,V,,,,,S,V,MP,,
2006,Säter,BL,,,L,,S,V,MP,,
2006,Hedemora,V,,,,,S,V,MP,,
2006,Avesta,V,,,,,S,V,MP,,
2006,Ludvika,V,,,,,S,V,,,
2006,Ockelbo,BL,M,C,,KD,S,V,MP,,
2006,Hofors,V,,,,,S,V,MP,,
2006,Ovanåker,A,M,C,L,KD,,,,,
2006,Nordanstig,A,M,C,,KD,,,,,
2006,Ljusdal,BL,,C,L,,S,,,,
2006,Gävle,V,,,,,S,V,MP,,
2006,Sandviken,BL,,C,,,S,,,,
2006,Söderhamn,BL,,C,,,S,,,,
2006,Bollnäs,B,M,C,L,KD,,,,,ÖP
2006,Hudiksvall,V,,,,,S,V,,,
2006,Ånge,V,,,,,S,,,,
2006,Timrå,V,,,,,S,,,,
2006,Härnösand,A,M,C,L,KD,,,,,ÖP
2006,Sundsvall,V,,,,,S,V,MP,,
2006,Kramfors,V,,,,,S,V,MP,,
2006,Sollefteå,V,,,,,S,V,,,
2006,Örnsköldsvik,V,,,,,S,,,,
2006,Ragunda,BL,,C,,,S,,,,
2006,Bräcke,V,,,,,S,V,,,
2006,Krokom,A,M,C,L,KD,,,MP,,
2006,Strömsund,A,M,C,L,,,,,,ÖP
2006,Åre,A,M,C,L,KD,,,,,
2006,Berg,BL,M,C,,KD,,V,,,ÖP
2006,Härjedalen,BL,,C,L,,S,,,,
2006,Östersund,V,,,,,S,V,MP,,
2006,Nordmaling,A,M,C,L,KD,,,,,
2006,Bjurholm,A,M,C,L,KD,,,,,
2006,Vindeln,BL,,C,,,S,,,,
2006,Robertsfors,A,M,C,,KD,,,,,
2006,Norsjö,V,,,,,S,V,,,
2006,Malå,A,,C,L,KD,,,,,ÖP
2006,Storuman,BL,M,C,L,KD,,V,,,
2006,Sorsele,A,M,C,L,KD,,,,,
2006,Dorotea,A,,C,L,,,,,,ÖP
2006,Vännäs,V,,,,,S,V,MP,,
2006,Vilhelmina,A,M,C,L,KD,,,,,
2006,Åsele,V,,,,,S,V,,,
2006,Umeå,V,,,,,S,,,,
2006,Lycksele,V,,,,,S,,,,
2006,Skellefteå,V,,,,,S,,,,
2006,Arvidsjaur,BL,M,C,L,,S,V,,,
2006,Arjeplog,BL,,,L,,S,,,,
2006,Jokkmokk,BL,M,C,L,,,V,MP,,ÖP
2006,Överkalix,BL,M,C,L,,S,V,MP,,
2006,Kalix,BL,,C,,,S,,,,
2006,Övertorneå,V,,,,,S,V,,,ÖP
2006,Pajala,V,,,,,S,V,,,
2006,Gällivare,V,,,,,S,V,,,ÖP
2006,Älvsbyn,V,,,,,S,,,,
2006,Luleå,V,,,,,S,,,,
2006,Piteå,V,,,,,S,,,,
2006,Boden,BL,M,C,L,,,V,MP,,ÖP
2006,Haparanda,V,,,,,S,,,,
2006,Kiruna,BL,M,,,KD,S,,MP,,ÖP
2010,Upplands väsby,A,M,C,L,KD,,,,,
2010,Vallentuna,A,M,C,L,KD,,,,,
2010,Österåker,A,M,C,L,KD,,,,,ÖP
2010,Värmdö,A,M,,L,KD,,,MP,,
2010,Järfälla,A,M,C,L,KD,,,,,
2010,Ekerö,A,M,C,L,KD,,,,,
2010,Huddinge,A,M,C,L,KD,,,,,ÖP
2010,Botkyrka,V,,,,,S,V,MP,,
2010,Salem,A,M,C,L,KD,,,,,
2010,Haninge,A,M,C,L,KD,,,MP,,
2010,Tyresö,A,M,C,L,KD,,,,,
2010,Upplands-Bro,A,M,C,L,KD,,,,,
2010,Nykvarn,A,M,C,L,,,,,,ÖP
2010,Täby,A,M,C,L,KD,,,,,
2010,Danderyd,A,M,C,L,KD,,,,,
2010,Sollentuna,A,M,C,L,KD,,,,,
2010,Stockholm,A,M,C,L,KD,,,,,
2010,Södertälje,V,,,,,S,V,MP,,
2010,Nacka,A,M,C,L,KD,,,,,
2010,Sundbyberg,BL,,C,,KD,S,,MP,,
2010,Solna,A,M,C,L,KD,,,,,
2010,Lidingö,A,M,,L,KD,,,,,
2010,Vaxholm,A,M,C,L,,,,,,
2010,Norrtälje,A,M,C,L,KD,,,,,
2010,Sigtuna,BL,,C,,,S,,MP,,
2010,Nynäshamn,BL,,,L,,S,,,,
2010,Håbo,V,,,,,S,V,MP,,ÖP
2010,Älvkarleby,V,,,,,S,V,,,
2010,Knivsta,A,M,C,L,KD,,,,,ÖP
2010,Heby,A,M,C,L,KD,,,MP,,
2010,Tierp,V,,,,,S,V,MP,,
2010,Uppsala,A,M,C,L,KD,,,,,
2010,Enköping,A,M,C,L,KD,,,,,
2010,Östhammar,BL,,C,,,S,,,,
2010,Vingåker,V,,,,,S,,,,
2010,Gnesta,V,,,,,S,V,MP,,
2010,Nyköping,V,,,,,S,V,MP,,
2010,Oxelösund,V,,,,,S,V,,,
2010,Flen,V,,,,,S,V,,,ÖP
2010,Katrineholm,BL,M,,,,S,,,,
2010,Eskilstuna,V,,,,,S,V,MP,,
2010,Strängnäs,BL,,C,L,,S,,,,
2010,Trosa,A,M,C,L,KD,,,,,
2010,Ödeshög,A,M,C,,KD,,,,,
2010,Ydre,A,M,C,,KD,,,,,
2010,Kinda,A,M,C,,KD,,,MP,,
2010,Boxholm,V,,,,,S,,,,
2010,Åtvidaberg,BL,M,,,,S,,,,
2010,Finspång,V,,,,,S,V,MP,,
2010,Valdemarsvik,A,M,C,L,KD,,,,,ÖP
2010,Linköping,A,M,C,L,KD,,,,,
2010,Norrköping,V,,,,,S,V,MP,,
2010,Söderköping,A,M,C,L,KD,,,,,
2010,Motala,V,,,,,S,V,MP,,
2010,Vadstena,A,M,C,L,KD,,,,,
2010,Mjölby,V,,,,,S,V,MP,,
2010,Aneby,A,M,C,L,KD,,,,,
2010,Gnosjö,A,M,C,L,KD,,,,,
2010,Mullsjö,A,M,C,L,KD,,,,,
2010,Habo,A,M,C,L,KD,,,,,
2010,Gislaved,A,M,C,L,KD,,,MP,,
2010,Vaggeryd,BL,,C,,,S,V,MP,,
2010,Jönköping,A,M,C,L,KD,,,MP,,
2010,Nässjö,BL,,C,L,,S,,,,
2010,Värnamo,A,M,C,L,KD,,,,,
2010,Sävsjö,A,M,C,L,KD,,,,,
2010,Vetlanda,BL,M,C,,,S,,,,
2010,Eksjö,BL,M,C,,,S,,,,
2010,Tranås,A,M,C,L,KD,,,MP,,
2010,Uppvidinge,A,M,C,L,KD,,,MP,,
2010,Lessebo,V,,,,,S,,,,
2010,Tingsryd,BL,M,,L,KD,S,,,,
2010,Alvesta,A,M,,L,KD,,,,,
2010,Älmhult,A,M,C,L,KD,,,MP,,
2010,Mark,A,M,C,,KD,,,,,
2010,Växjö,A,M,C,L,KD,,,,,
2010,Ljungby,A,M,C,L,KD,,,MP,,
2010,Högsby,V,,,,,S,V,MP,,
2010,Torsås,A,M,C,L,KD,,,,,
2010,Mörbylånga,A,M,C,L,KD,,,,,
2010,Hultsfred,A,M,C,L,KD,,,MP,,
2010,Mönsterås,A,M,C,L,KD,,,,,
2010,Emmaboda,V,,,,,S,V,MP,,
2010,Kalmar,V,,,,,S,V,MP,,
2010,Nybro,V,,,,,S,V,MP,,
2010,Oskarshamn,V,,,,,S,V,MP,,
2010,Västervik,A,M,C,L,KD,,,,,ÖP
2010,Vimmerby,A,M,C,L,KD,,,,,
2010,Borgholm,A,M,C,L,KD,,,,,
2010,Gotland,V,,,,,S,V,MP,,
2010,Olofström,V,,,,,S,,,,
2010,Karlskrona,A,M,C,L,KD,,,MP,,
2010,Ronneby,A,M,C,L,KD,,,,,
2010,Karlshamn,BL,,C,L,KD,S,,,,
2010,Sölvesborg,V,,,,,S,V,MP,,
2010,Svalöv,BL,M,,L,,S,,,,
2010,Staffanstorp,A,M,,,,,,,,
2010,Burlöv,V,,,,,S,,,,
2010,Vellinge,A,M,,,,,,,,
2010,Östra Göinge,A,M,C,L,KD,,,MP,,
2010,Örkelljunga,A,M,C,L,KD,,,,,ÖP
2010,Bjuv,V,,,,,S,V,,,
2010,Kävlinge,A,M,C,L,KD,,,,,
2010,Lomma,A,M,,,,,,,,
2010,Svedala,A,M,C,L,,,,,,ÖP
2010,Skurup,A,M,C,L,,,,MP,,
2010,Sjöbo,A,M,C,L,,,,,,
2010,Hörby,A,M,C,L,KD,,,MP,,
2010,Höör,A,M,C,L,KD,,,,,
2010,Tomelilla,BL,M,,,,S,,,,
2010,Bromölla,V,,,,,S,,,,
2010,Osby,A,,C,,KD,,,,,
2010,Perstorp,A,M,C,L,KD,,,,,ÖP
2010,Klippan,A,M,C,L,KD,,,MP,,
2010,Åstorp,BL,,C,,,S,,MP,,
2010,Båstad,A,M,C,L,KD,,,,,
2010,Malmö,V,,,,,S,V,MP,,
2010,Lund,A,M,C,L,KD,,,,,
2010,Landskrona,A,M,,L,,,,MP,,
2010,Helsingborg,A,M,,L,KD,,,,,
2010,Höganäs,A,M,C,L,KD,,,,,
2010,Eslöv,BL,M,,,,S,,,,
2010,Ystad,A,M,C,L,KD,,,MP,,
2010,Trelleborg,A,M,C,L,KD,,,MP,,
2010,Kristianstad,A,M,C,L,,,,MP,,ÖP
2010,Simrishamn,A,M,C,L,KD,,,,,ÖP
2010,Ängelholm,A,M,C,L,KD,,,,,
2010,Hässleholm,A,M,C,L,KD,,,MP,,ÖP
2010,Hylte,A,M,C,L,KD,,,,,ÖP
2010,Halmstad,A,M,C,L,KD,,,MP,,
2010,Laholm,A,M,C,L,KD,,,,,
2010,Falkenberg,A,M,C,L,KD,,,,,
2010,Varberg,A,M,C,L,KD,,,,,
2010,Kungsbacka,A,M,C,L,KD,,,,,
2010,Härryda,A,M,C,L,KD,,,,,
2010,Partille,A,M,C,L,KD,,,,,
2010,Öckerö,A,M,,L,KD,,,,,
2010,Stenungsund,A,M,C,L,KD,,,,,
2010,Tjörn,A,M,C,L,KD,,,,,ÖP
2010,Orust,BL,,,L,,S,,,,ÖP
2010,Sotenäs,A,M,C,L,KD,,,,,ÖP
2010,Munkedal,BL,,C,,,S,,,,
2010,Tanum,A,M,C,L,KD,,,,,
2010,Dals-Ed,A,M,C,L,KD,,,,,
2010,Färgelanda,A,M,C,,KD,,,,,
2010,Ale,A,M,C,L,KD,,,,,ÖP
2010,Lerum,A,M,C,L,KD,,,,,
2010,Vårgårda,A,M,C,L,KD,,,,,
2010,Bollebygd,A,M,C,L,KD,,,,,
2010,Grästorp,A,M,C,L,,,,,,
2010,Essunga,A,M,,L,KD,,,,,
2010,Karlsborg,A,M,C,L,KD,,,,,
2010,Gullspång,BL,,C,,,S,,MP,,
2010,Tranemo,A,M,C,L,KD,,,,,
2010,Bengtsfors,BL,,,L,,S,,MP,,
2010,Mellerud,A,M,C,L,KD,,,,,
2010,Lilla Edet,BL,,,L,,S,V,,,
2010,Mark,A,M,C,L,KD,,,MP,,
2010,Svenljunga,A,M,C,L,KD,,,,,
2010,Herrljunga,A,M,C,,KD,,,,,
2010,Vara,A,M,C,L,KD,,,,,
2010,Götene,V,,,,,,,,,
2010,Tibro,A,M,C,L,KD,,,,,
2010,Töreboda,BL,,,L,,S,V,MP,,
2010,Göteborg,V,,,,,S,V,MP,,
2010,Mölndal,A,M,C,L,KD,,,,,
2010,Kungälv,A,M,C,L,KD,,,,,
2010,Lysekil,A,M,C,L,,,,,,
2010,Uddevalla,A,M,C,L,KD,,,MP,,
2010,Strömstad,BL,M,,,,S,,,,ÖP
2010,Vänersborg,A,M,,L,KD,,,,,
2010,Trollhättan,V,,,,,S,,,,
2010,Alingsås,A,M,C,L,KD,,,,,
2010,Borås,V,,,,,S,V,MP,,ÖP
2010,Ulricehamn,A,M,C,L,KD,,,,,
2010,Åmål,V,,,,,S,V,MP,,
2010,Mariestad,V,,,,,S,V,MP,,ÖP
2010,Lidköping,V,,,,,S,V,MP,,
2010,Skara,A,M,C,L,KD,,,,,
2010,Skövde,A,M,C,L,KD,,,,,
2010,Hjo,A,M,C,L,KD,,,,,
2010,Tidaholm,V,,,,,S,,,,
2010,Falköping,BL,,C,,KD,S,,,,
2010,Kil,BL,,C,,,S,,,,
2010,Eda,A,M,C,L,KD,,,,,
2010,Torsby,V,,,,,S,,,,
2010,Storfors,V,,,,,S,,,,
2010,Hammarö,A,M,C,L,KD,,,MP,,
2010,Munkfors,V,,,,,S,,,,
2010,Forshaga,V,,,,,S,,,,
2010,Grums,V,,,,,S,,,,
2010,Årjäng,A,M,C,L,KD,,,,,
2010,Sunne,A,M,C,L,,,,,,
2010,Karlstad,A,M,C,L,KD,,,MP,,
2010,Kristinehamn,V,,,,,S,V,MP,,
2010,Filipstad,V,,,,,S,V,MP,,
2010,Hagfors,V,,,,,S,V,,,
2010,Arvika,V,,,,,S,,,,
2010,Säffle,A,M,C,L,KD,,,MP,,
2010,Lekeberg,A,M,C,L,KD,,,,,
2010,Laxå,V,,,,,S,V,,,
2010,Hallsberg,V,,,,,S,,,,
2010,Degerfors,V,,,,,,V,MP,,
2010,Hällefors,BL,,C,,,S,V,,,ÖP
2010,Ljusnarsberg,V,,,,,S,V,MP,,
2010,Örebro,BL,M,C,L,KD,S,V,MP,,
2010,Kumla,V,,,,,S,,,,
2010,Askersund,V,,,,,S,V,MP,,
2010,Karlskoga,V,,,,,S,V,,,
2010,Nora,A,M,C,L,KD,,,MP,,ÖP
2010,Lindesberg,V,,,,,S,V,MP,,
2010,Skinnskatteberg,V,,,,,S,V,MP,,
2010,Surahammar,V,,,,,S,,,,
2010,Kungsör,V,,,,,S,,,,
2010,Hallstahammar,V,,,,,S,V,,,
2010,Norberg,V,,,,,S,,MP,,
2010,Västerås,V,,,,,S,V,MP,,
2010,Sala,V,,,,,S,V,MP,,ÖP
2010,Fagersta,V,,,,,,V,,,
2010,Köping,V,,,,,S,V,MP,,
2010,Arboga,BL,,C,,,S,V,,,ÖP
2010,Vansbro,A,M,C,L,KD,,,,,
2010,Malung,BL,,C,,,S,V,,,
2010,Gagnef,A,M,C,L,KD,,,,,
2010,Leksand,A,M,C,L,KD,,,,,
2010,Rättvik,A,M,C,L,KD,,,,,ÖP
2010,Orsa,BL,M,,L,,S,,MP,,
2010,Älvdalen,A,M,C,,KD,,,,,ÖP
2010,Smedjebacken,V,,,,,S,V,,,
2010,Mora,BL,,C,,,S,,,,
2010,Falun,V,,,,,S,V,MP,,
2010,Borlänge,V,,,,,S,,MP,,
2010,Säter,BL,,,L,,S,V,MP,,
2010,Hedemora,V,,,,,S,V,MP,,ÖP
2010,Avesta,V,,,,,S,V,MP,,
2010,Ludvika,V,,,,,S,V,,,
2010,Ockelbo,BL,,C,,,S,,,,
2010,Hofors,V,,,,,S,V,MP,,
2010,Ovanåker,BL,M,,L,,S,,MP,,
2010,Nordanstig,BL,M,C,,,S,V,MP,,
2010,Ljusdal,V,,,,,S,V,,,ÖP
2010,Gävle,V,,,,,S,V,MP,,
2010,Sandviken,V,,,,,S,,MP,,
2010,Söderhamn,V,,,,,S,V,MP,,
2010,Bollnäs,BL,,,L,,S,V,MP,,ÖP
2010,Hudiksvall,A,M,C,L,KD,,,MP,,
2010,Ånge,V,,,,,S,,,,
2010,Timrå,V,,,,,S,V,,,
2010,Härnösand,V,,,,,S,V,MP,,
2010,Sundsvall,A,M,C,L,KD,,,MP,,
2010,Kramfors,V,,,,,S,V,,,
2010,Sollefteå,V,,,,,S,V,,,
2010,Örnsköldsvik,V,,,,,S,,,,
2010,Ragunda,V,,,,,S,,,,
2010,Bräcke,V,,,,,S,,,,
2010,Krokom,A,M,C,L,KD,,,MP,,
2010,Strömsund,V,,,,,S,V,,,
2010,Åre,A,M,C,L,KD,,,,,ÖP
2010,Berg,BL,,C,L,,S,,,,
2010,Härjedalen,BL,,C,L,,S,,,,
2010,Östersund,V,,,,,S,V,MP,,
2010,Nordmaling,V,,,,,S,V,,,
2010,Bjurholm,A,M,C,L,KD,,,,,
2010,Vindeln,A,M,C,L,KD,,,,,
2010,Robertsfors,V,,,,,S,V,,,
2010,Norsjö,V,,,,,S,,,,
2010,Malå,V,,,,,S,V,,,
2010,Storuman,A,M,C,L,KD,,,,,ÖP
2010,Sorsele,V,,,,,S,V,,,
2010,Dorotea,V,,,,,S,,,,
2010,Vännäs,V,,,,,S,V,MP,,
2010,Vilhelmina,V,,,,,S,V,,,
2010,Åsele,V,,,,,S,,,,
2010,Umeå,V,,,,,S,V,,,
2010,Lycksele,V,,,,,S,V,MP,,
2010,Skellefteå,V,,,,,S,,,,
2010,Arvidsjaur,V,,,,,S,V,,,
2010,Arjeplog,V,,,,,S,,,,
2010,Jokkmokk,V,,,,,S,,,,ÖP
2010,Överkalix,V,,,,,S,,,,
2010,Kalix,V,,,,,S,V,MP,,
2010,Övertorneå,V,,,,,S,V,,,ÖP
2010,Pajala,V,,,,,S,V,,,
2010,Gällivare,V,,,,,S,,,,
2010,Älvsbyn,V,,,,,S,,,,
2010,Luleå,V,,,,,S,,MP,,
2010,Piteå,V,,,,,S,,,,
2010,Boden,V,,,,,S,V,MP,,
2010,Haparanda,V,,,,,S,,,,
2010,Kiruna,V,,,,,S,V,,,ÖP
2014,Upplands väsby,V,,,,,S,V,MP,,ÖP
2014,Vallentuna,A,M,C,L,KD,,,,,
2014,Österåker,A,M,C,L,KD,,,,,ÖP
2014,Värmdö,A,M,C,L,KD,,,,,
2014,Järfälla,BL,,C,,,S,,MP,,
2014,Ekerö,A,M,C,L,KD,,,,,
2014,Huddinge,A,M,C,L,KD,,,,,ÖP
2014,Botkyrka,V,,,,,S,V,MP,,
2014,Salem,A,M,C,L,KD,,,,,
2014,Haninge,BL,,C,,,S,,MP,,
2014,Tyresö,A,M,C,L,KD,,,,,
2014,Upplands-Bro,BL,,C,,KD,S,,MP,,
2014,Nykvarn,A,M,C,,,,,,,ÖP
2014,Täby,A,M,C,L,KD,,,,,
2014,Danderyd,A,M,,L,KD,,,,,
2014,Sollentuna,A,M,C,L,KD,,,,,
2014,Stockholm,V,,,,,S,V,MP,,ÖP
2014,Södertälje,V,,,,,S,V,MP,,
2014,Nacka,A,M,C,L,KD,,,,,
2014,Sundbyberg,BL,,C,,KD,S,V,,,
2014,Solna,A,M,,L,KD,,,,,
2014,Lidingö,A,M,,,KD,,,,,ÖP
2014,Vaxholm,A,M,C,L,,,,,,
2014,Norrtälje,BL,,C,,,S,,MP,,
2014,Sigtuna,BL,,,L,,S,,MP,,
2014,Nynäshamn,BL,,,L,,S,,MP,,
2014,Håbo,A,M,C,L,KD,,,MP,,
2014,Älvkarleby,V,,,,,S,V,MP,,
2014,Knivsta,A,M,C,L,KD,,,,,
2014,Heby,A,M,C,L,KD,,,MP,,ÖP
2014,Tierp,V,,,,,S,,MP,,
2014,Uppsala,V,,,,,S,V,MP,,
2014,Enköping,V,,,,,S,,,,ÖP
2014,Östhammar,BL,,C,,,S,,,,
2014,Vingåker,V,,,,,S,V,MP,,
2014,Gnesta,BL,M,,,,S,,,,
2014,Nyköping,V,,,,,S,V,MP,,
2014,Oxelösund,V,,,,,S,V,,,
2014,Flen,BL,,C,,KD,S,,MP,,
2014,Katrineholm,BL,M,,,,S,,,,
2014,Eskilstuna,BL,M,C,,,S,,,,
2014,Strängnäs,BL,M,,,,S,,,,
2014,Trosa,A,M,C,L,KD,,,,,
2014,Ödeshög,A,M,C,,KD,,,,,
2014,Ydre,BL,M,C,,KD,S,,MP,,
2014,Kinda,BL,M,,,KD,S,,,,
2014,Boxholm,V,,,,,S,,,,
2014,Åtvidaberg,BL,M,,,,S,,,,
2014,Finspång,V,,,,,S,V,MP,,
2014,Valdemarsvik,V,,,,,S,V,MP,,ÖP
2014,Linköping,BL,,,L,,S,,MP,,
2014,Norrköping,BL,,C,L,KD,S,,,,
2014,Söderköping,BL,M,,,,S,,MP,,
2014,Motala,V,,,,,S,V,MP,,
2014,Vadstena,V,,,,,S,,,,ÖP
2014,Mjölby,BL,,C,,KD,S,,MP,,
2014,Aneby,A,M,C,L,KD,,,,,
2014,Gnosjö,A,M,C,L,KD,,,,,
2014,Mullsjö,V,,,,,S,V,MP,,
2014,Habo,BL,,C,,KD,S,,MP,,
2014,Gislaved,BL,M,,,,S,,MP,,
2014,Vaggeryd,A,M,C,L,KD,,,MP,,
2014,Jönköping,A,M,C,L,KD,,,,,
2014,Nässjö,BL,M,C,L,,S,V,,,
2014,Värnamo,A,M,,L,KD,,,MP,,
2014,Sävsjö,BL,,C,,KD,S,,,,
2014,Vetlanda,V,,,,,S,,,,ÖP
2014,Eksjö,A,M,C,,,,,,,
2014,Tranås,A,M,C,L,KD,,,,,
2014,Uppvidinge,A,,C,,KD,,,,,
2014,Lessebo,V,,,,,S,,,,
2014,Tingsryd,BL,M,,,,S,,,,
2014,Alvesta,BL,,C,,,S,,MP,,
2014,Älmhult,V,,,,,S,V,MP,,
2014,Mark,A,M,C,,KD,,,,,
2014,Växjö,A,M,C,L,KD,,,MP,,
2014,Ljungby,A,M,C,L,,,,,,
2014,Högsby,A,M,C,,KD,,,,,
2014,Torsås,BL,M,,L,KD,S,V,MP,,
2014,Mörbylånga,A,M,C,L,KD,,,MP,,
2014,Hultsfred,A,M,C,L,KD,,,MP,,
2014,Mönsterås,A,M,C,L,KD,,,,,
2014,Emmaboda,V,,,,,S,V,MP,,
2014,Kalmar,BL,,C,,,S,V,,,
2014,Nybro,A,M,C,L,KD,,,,,ÖP
2014,Oskarshamn,BL,,C,,,S,V,MP,,
2014,Västervik,BL,,C,,,S,,,,
2014,Vimmerby,BL,M,,,,S,,,,
2014,Borgholm,V,,,,,S,,,,ÖP
2014,Gotland,V,,,,,S,V,MP,,
2014,Olofström,V,,,,,S,,,,
2014,Karlskrona,BL,,C,L,,S,,,,
2014,Ronneby,A,M,C,L,KD,,,,,ÖP
2014,Karlshamn,BL,,C,L,,S,,,,
2014,Sölvesborg,V,,,,,S,V,MP,,
2014,Svalöv,BL,M,,,,S,,MP,,
2014,Staffanstorp,A,M,C,L,KD,,,,,
2014,Burlöv,BL,,C,,,S,V,MP,,
2014,Vellinge,A,M,,,,,,,,
2014,Östra Göinge,A,M,C,L,KD,,,MP,,
2014,Örkelljunga,A,M,C,L,KD,,,,,
2014,Bjuv,BL,,C,L,,S,V,,,
2014,Kävlinge,A,M,C,L,KD,,,MP,,
2014,Lomma,A,M,C,L,KD,,,,,
2014,Svedala,A,M,C,L,,,,,,ÖP
2014,Skurup,V,,,,,S,V,MP,,ÖP
2014,Sjöbo,A,M,C,L,KD,,,,,ÖP
2014,Hörby,BL,,C,L,KD,S,,MP,,
2014,Höör,A,M,C,L,KD,,,,,
2014,Tomelilla,A,M,C,L,KD,,,MP,,ÖP
2014,Bromölla,V,,,,,S,,,,
2014,Osby,V,,,,,S,V,,,
2014,Perstorp,BL,M,C,,KD,S,,,,
2014,Klippan,BL,,C,,,S,V,MP,,
2014,Åstorp,BL,,C,,KD,S,,MP,,
2014,Båstad,A,,C,,,,,,,ÖP
2014,Malmö,V,,,,,S,V,MP,,
2014,Lund,V,,,,,S,V,MP,,ÖP
2014,Landskrona,A,M,,L,,,,MP,,
2014,Helsingborg,A,M,C,L,KD,,,MP,,
2014,Höganäs,A,M,C,L,KD,,,,,
2014,Eslöv,BL,M,,,,S,,,,
2014,Ystad,BL,,C,,,S,,,,
2014,Trelleborg,BL,,C,,,S,,MP,,ÖP
2014,Kristianstad,BL,,C,L,,S,,,,
2014,Simrishamn,BL,,C,L,,S,,MP,,ÖP
2014,Ängelholm,BL,,,L,,S,,,,ÖP
2014,Hässleholm,BL,,C,,,S,V,MP,,
2014,Hylte,BL,,,L,,S,V,MP,,ÖP
2014,Halmstad,A,M,C,L,KD,,,MP,,ÖP
2014,Laholm,A,M,C,L,KD,,,MP,,
2014,Falkenberg,A,M,C,L,KD,,,MP,,
2014,Varberg,A,M,C,L,KD,,,,,
2014,Kungsbacka,A,M,C,,KD,,,MP,,
2014,Härryda,A,M,C,L,KD,,,,,ÖP
2014,Partille,A,M,C,L,KD,,,,,
2014,Öckerö,A,M,,L,KD,,,,,
2014,Stenungsund,A,M,C,L,KD,,,,,
2014,Tjörn,A,M,C,L,KD,,,,,
2014,Orust,BL,,C,,,S,V,MP,,ÖP
2014,Sotenäs,A,M,C,L,KD,,,,,
2014,Munkedal,BL,,C,,,S,,MP,,
2014,Tanum,A,M,C,L,KD,,,,,
2014,Dals-Ed,A,M,C,L,KD,,,,,
2014,Färgelanda,BL,,,L,,S,V,,,
2014,Ale,V,,,,,S,V,MP,,
2014,Lerum,BL,,C,L,,S,,MP,,
2014,Vårgårda,A,M,C,L,KD,,,,,
2014,Bollebygd,V,,,,,S,V,MP,,
2014,Grästorp,A,M,C,L,,,,,,
2014,Essunga,A,M,C,L,KD,,,MP,,
2014,Karlsborg,BL,M,,,,S,,,,
2014,Gullspång,BL,,C,,,S,,,,
2014,Tranemo,BL,M,C,L,KD,S,,,,
2014,Bengtsfors,BL,,,L,,S,,MP,,
2014,Mellerud,BL,,C,,,S,,,,
2014,Lilla Edet,BL,,,L,,S,V,,,
2014,Mark,A,M,C,L,KD,,,MP,,ÖP
2014,Svenljunga,BL,,,L,,S,,,,ÖP
2014,Herrljunga,BL,,,L,,S,,MP,,ÖP
2014,Vara,V,,,,,S,,,,
2014,Götene,V,,,,,S,,,,ÖP
2014,Tibro,BL,,C,,,S,V,MP,,
2014,Töreboda,A,M,C,L,,,,MP,,
2014,Göteborg,V,,,,,S,V,MP,,
2014,Mölndal,BL,,,,KD,S,V,MP,,
2014,Kungälv,BL,,,L,,S,V,MP,,ÖP
2014,Lysekil,BL,M,C,L,,S,,,,
2014,Uddevalla,V,,,,,S,V,MP,,
2014,Strömstad,A,,C,L,KD,,,MP,,
2014,Vänersborg,BL,,C,,,S,,MP,,ÖP
2014,Trollhättan,V,,,,,S,V,MP,,
2014,Alingsås,V,,,,,S,V,MP,,
2014,Borås,V,,,,,S,V,MP,,
2014,Ulricehamn,V,,,,,S,V,,,
2014,Åmål,V,,,,,S,V,MP,,
2014,Mariestad,A,M,C,L,KD,,,,,
2014,Lidköping,V,,,,,S,V,MP,,
2014,Skara,BL,,,L,,S,V,MP,,
2014,Skövde,A,M,C,L,KD,,,,,
2014,Hjo,A,M,C,L,KD,,,,,
2014,Tidaholm,V,,,,,S,,,,
2014,Falköping,BL,,C,,KD,S,,,,
2014,Kil,BL,,C,,,S,,,,
2014,Eda,BL,,C,,KD,,V,,,ÖP
2014,Torsby,BL,,C,L,,S,,,,
2014,Storfors,V,,,,,S,V,,,
2014,Hammarö,BL,,C,,,S,V,,,
2014,Munkfors,V,,,,,S,,,,
2014,Forshaga,V,,,,,S,,,,
2014,Grums,V,,,,,S,,,,
2014,Årjäng,BL,M,,L,KD,S,,,,
2014,Sunne,V,,,,,S,V,MP,,ÖP
2014,Karlstad,A,M,C,L,KD,,,MP,,
2014,Kristinehamn,V,,,,,S,V,MP,,
2014,Filipstad,BL,,,,KD,S,V,MP,,
2014,Hagfors,V,,,,,S,,,,
2014,Arvika,V,,,,,S,,,,
2014,Säffle,A,M,C,L,KD,,,MP,,ÖP
2014,Lekeberg,A,M,C,L,KD,,,MP,,
2014,Laxå,A,M,C,L,KD,,,MP,,
2014,Hallsberg,V,,,,,S,,MP,,
2014,Degerfors,V,,,,,,V,MP,,
2014,Hällefors,BL,M,,,,S,,,,ÖP
2014,Ljusnarsberg,V,,,,,S,V,MP,,
2014,Örebro,BL,,C,,KD,S,,,,
2014,Kumla,BL,M,,,,S,,,,
2014,Askersund,V,,,,,S,V,MP,,
2014,Karlskoga,BL,,,L,,S,V,,,
2014,Nora,V,,,,,S,V,,,
2014,Lindesberg,BL,,C,,,S,V,,,
2014,Skinnskatteberg,A,M,C,L,,,,,,
2014,Surahammar,BL,,C,,,S,,,,
2014,Kungsör,BL,,,L,,S,V,MP,,
2014,Hallstahammar,V,,,,,S,V,MP,,
2014,Norberg,V,,,,,S,,,,
2014,Västerås,BL,,C,,KD,S,,MP,,
2014,Sala,A,M,C,L,KD,,,,,ÖP
2014,Fagersta,V,,,,,S,V,,,
2014,Köping,V,,,,,S,V,MP,,
2014,Arboga,BL,,C,,,S,V,,,ÖP
2014,Vansbro,BL,,C,,,S,,,,
2014,Malung- Sälen,BL,,C,,,S,V,,,
2014,Gagnef,V,,,,,S,,,,ÖP
2014,Leksand,A,M,C,L,KD,,,,,
2014,Rättvik,A,M,C,L,KD,,,,,
2014,Orsa,A,M,C,L,KD,,,MP,,
2014,Älvdalen,V,,,,,S,,MP,,
2014,Smedjebacken,V,,,,,S,V,MP,,
2014,Mora,A,M,C,L,KD,,,,,ÖP
2014,Falun,BL,,C,,,S,,MP,,
2014,Borlänge,V,,,,,S,V,MP,,ÖP
2014,Säter,BL,,C,,,S,,,,
2014,Hedemora,BL,,C,,,S,V,,,
2014,Avesta,V,,,,,S,V,MP,,
2014,Ludvika,V,,,,,S,V,MP,,
2014,Ockelbo,BL,,C,,,S,,,,
2014,Hofors,V,,,,,S,V,,,
2014,Ovanåker,BL,M,,L,,S,,MP,,
2014,Nordanstig,BL,,C,,,S,,MP,,
2014,Ljusdal,BL,M,C,L,KD,,V,,,ÖP
2014,Gävle,V,,,,,S,V,MP,,
2014,Sandviken,BL,,C,,,S,,MP,,
2014,Söderhamn,V,,,,,S,V,MP,,
2014,Bollnäs,BL,,,L,,S,V,MP,,
2014,Hudiksvall,V,,,,,S,V,,,
2014,Ånge,V,,,,,S,,,,
2014,Timrå,V,,,,,S,V,,,
2014,Härnösand,V,,,,,S,V,MP,,
2014,Sundsvall,BL,,C,,,S,V,,,
2014,Kramfors,V,,,,,S,V,MP,,
2014,Sollefteå,V,,,,,S,V,,,
2014,Örnsköldsvik,V,,,,,S,V,,,
2014,Ragunda,V,,,,,S,,,,
2014,Bräcke,BL,,,L,,S,V,,,ÖP
2014,Krokom,A,M,C,,KD,,,MP,,
2014,Strömsund,V,,,,,S,,,,
2014,Åre,BL,M,,,,S,,MP,,
2014,Berg,V,,,,,S,,MP,,
2014,Härjedalen,V,,,,,S,V,,,ÖP
2014,Östersund,V,,,,,S,V,MP,,
2014,Nordmaling,A,,C,,,,,,,
2014,Bjurholm,A,M,C,L,KD,,,,,
2014,Vindeln,V,,,,,S,V,,,
2014,Robertsfors,V,,,,,S,,,,
2014,Norsjö,V,,,,,S,,,,
2014,Malå,V,,,,,S,V,,,
2014,Storuman,A,M,C,L,KD,,,,,
2014,Sorsele,BL,M,C,,KD,,V,,,
2014,Dorotea,Ö,,,,,,,,,ÖP
2014,Vännäs,V,,,,,S,V,MP,,
2014,Vilhelmina,V,,,,,S,V,,,ÖP
2014,Åsele,A,,C,L,,,,,,ÖP
2014,Umeå,V,,,,,S,,,,
2014,Lycksele,V,,,,,S,V,,,
2014,Skellefteå,V,,,,,S,,,,
2014,Arvidsjaur,V,,,,,S,V,,,
2014,Arjeplog,V,,,,,S,,,,
2014,Jokkmokk,V,,,,,S,V,,,
2014,Överkalix,BL,M,C,L,,,V,MP,,
2014,Kalix,V,,,,,S,V,MP,,
2014,Övertorneå,A,M,C,,KD,,,,,ÖP
2014,Pajala,V,,,,,S,V,,,
2014,Gällivare,BL,M,,,,,V,MP,,ÖP
2014,Älvsbyn,V,,,,,S,V,,,
2014,Luleå,V,,,,,S,,,,
2014,Piteå,V,,,,,S,V,MP,,
2014,Boden,BL,,,L,KD,S,,MP,,ÖP
2014,Haparanda,V,,,,,S,V,,,
2014,Kiruna,BL,M,,,,S,V,,,ÖP
2018,Upplands Väsby,B,M,C,L,KD,,,,,ÖP
2018,Vallentuna,B,M,C,L,KD,,,,,
2018,Österåker,B,M,C,L,KD,,,,,
2018,Värmdö,B,M,C,L,KD,,,MP,,
2018,Järfälla,B,M,C,L,KD,,,,,
2018,Ekerö,B,M,C,,KD,,,,,
2018,Huddinge,B,M,C,L,KD,,,,,ÖP
2018,Botkyrka,BL,,C,L,KD,S,,MP,,
2018,Salem,B,M,C,L,KD,,,,,
2018,Haninge,BL,,C,L,KD,S,,,,
2018,Tyresö,BL,,,L,,S,,MP,,
2018,Upplands-Bro,B,M,C,L,KD,,,,,
2018,Nykvarn,B,M,,,,,,MP,,ÖP
2018,Täby,B,M,C,L,KD,,,,,
2018,Danderyd,B,M,,L,KD,,,,,
2018,Sollentuna,B,M,C,L,KD,,,,,
2018,Stockholm,B,M,C,L,KD,,,MP,,
2018,Södertälje,BL,,C,,KD,S,,MP,,
2018,Nacka,B,M,C,L,KD,,,,,
2018,Sundbyberg,BL,,C,L,,S,,,,
2018,Solna,B,M,C,L,KD,,,MP,,
2018,Lidingö,B,M,,L,KD,,,,,ÖP
2018,Vaxholm,BL,,C,L,,S,,,,
2018,Norrtälje,B,M,C,L,KD,,,,,
2018,Sigtuna,B,M,C,L,KD,,,,,ÖP
2018,Nynäshamn,B,M,C,L,KD,,,,,
2018,Håbo,B,M,C,L,KD,,,MP,,
2018,Älvkarleby,BL,,C,,,S,V,MP,,
2018,Knivsta,BL,M,C,,,S,V,MP,,
2018,Heby,BL,,C,,,S,,,,
2018,Tierp,B,M,C,L,KD,,,MP,,
2018,Uppsala,BL,,,L,,S,,MP,,
2018,Enköping,B,M,C,L,KD,,,MP,,
2018,Östhammar,BL,,C,,,S,V,,,
2018,Vingåker,BL,,C,,KD,S,,MP,,
2018,Gnesta,BL,M,,,,S,,,,
2018,Nyköping,BL,,C,,,S,,MP,,
2018,Oxelösund,V,,,,,S,V,,,
2018,Flen,V,,,,,S,V,MP,,
2018,Katrineholm,BL,M,,,,S,,,,
2018,Eskilstuna,BL,M,C,,,S,,,,
2018,Strängnäs,BL,M,,,,S,,,,
2018,Trosa,B,M,C,L,KD,,,,,
2018,Ödeshög,BL,,C,,KD,S,,,,
2018,Ydre,BL,M,C,,,S,,,,
2018,Kinda,BL,,C,L,,S,,,,ÖP
2018,Boxholm,V,,,,,S,,,,
2018,Åtvidaberg,BL,,C,L,,S,V,,,
2018,Finspång,BL,,C,,KD,S,,,,
2018,Valdemarsvik,BL,,C,,,S,V,,,
2018,Linköping,B,M,C,L,KD,,,,,
2018,Norrköping,BL,,C,L,KD,S,,,,
2018,Söderköping,B,M,C,L,KD,,,,,
2018,Motala,B,M,C,L,KD,,,,,
2018,Vadstena,BL,M,,,,S,,MP,,
2018,Mjölby,BL,,C,L,KD,S,,MP,,
2018,Aneby,B,M,C,L,KD,,,,,
2018,Gnosjö,B,M,C,,KD,,,,,
2018,Mullsjö,BL,,C,L,KD,S,,,,
2018,Habo,B,M,C,L,KD,,,,,
2018,Gislaved,B,M,C,L,KD,,,,,ÖP
2018,Vaggeryd,B,M,C,L,KD,,,MP,,
2018,Jönköping,BL,,C,L,,S,,MP,,
2018,Nässjö,BL,,C,,KD,S,,,,
2018,Värnamo,B,M,C,L,KD,,,,,
2018,Sävsjö,BL,,C,,KD,S,,,,
2018,Vetlanda,BL,M,C,,,S,,,,
2018,Eksjö,B,M,C,L,KD,,,,,
2018,Tranås,B,M,C,L,KD,,,,,
2018,Uppvidinge,BL,M,,,,S,V,,,
2018,Lessebo,V,,,,,S,,,,
2018,Tingsryd,BL,M,,,KD,S,,,,
2018,Alvesta,BL,,C,,,S,V,,,
2018,Älmhult,B,M,C,L,KD,,,,,
2018,Mark,B,M,C,,KD,,,,,
2018,Växjö,B,M,C,L,KD,,,MP,,
2018,Ljungby,B,M,C,L,KD,,,,,
2018,Högsby,B,M,C,,KD,,,,,
2018,Torsås,BL,M,,L,KD,S,V,,,
2018,Mörbylånga,BL,,C,,,S,V,,,
2018,Hultsfred,B,M,C,,KD,,,,,
2018,Mönsterås,B,M,C,L,KD,,,,,
2018,Emmaboda,B,M,C,,KD,,,,,ÖP
2018,Kalmar,BL,,C,,,S,V,,,
2018,Nybro,B,M,C,L,KD,,,,,
2018,Oskarshamn,BL,M,,,,S,,,,
2018,Västervik,BL,,C,,,S,,MP,,
2018,Vimmerby,B,M,C,,KD,,,,,
2018,Borgholm,BL,,C,,,S,V,,,
2018,Gotland,B,M,C,L,KD,,,,,
2018,Olofström,BL,,,,KD,S,V,,,
2018,Karlskrona,BL,,C,L,,S,,,,
2018,Ronneby,B,M,C,L,KD,,,,,
2018,Karlshamn,BL,,C,,,S,,MP,,
2018,Sölvesborg,Ö,M,,,KD,,,,SD,ÖP
2018,Svalöv,B,M,C,L,KD,,,,,
2018,Staffanstorp,Ö,M,,,,,,,SD,
2018,Burlöv,B,M,C,L,,,,,,
2018,Vellinge,B,M,,,,,,,,
2018,Östra Göinge,B,M,C,,KD,,,,,
2018,Örkelljunga,B,M,C,,KD,,,,,
2018,Bjuv,BL,,C,L,KD,S,V,,,
2018,Kävlinge,B,M,C,L,KD,,,,,
2018,Lomma,B,M,C,L,KD,,,,,
2018,Svedala,B,M,C,L,KD,,,,,ÖP
2018,Skurup,B,M,C,,,,,,,ÖP
2018,Sjöbo,B,M,C,L,,,,MP,,
2018,Hörby,Ö,,,,,,,,SD,
2018,Höör,B,M,C,L,KD,,,,,
2018,Tomelilla,B,M,C,L,KD,,,,,
2018,Bromölla,Ö,,,,,,,,SD,
2018,Osby,B,M,C,L,KD,,,,,
2018,Perstorp,B,M,C,,KD,,,MP,,ÖP
2018,Klippan,BL,M,C,,,S,,,,
2018,Åstorp,BL,,C,,,S,,,,
2018,Båstad,BL,M,,L,KD,S,,,,
2018,Malmö,BL,,,L,,S,,,,
2018,Lund,B,M,C,L,KD,,,,,ÖP
2018,Landskrona,B,M,,L,,,,MP,,
2018,Helsingborg,B,M,C,L,KD,,,,,
2018,Höganäs,B,M,C,,KD,,,,,
2018,Eslöv,BL,M,,L,,S,,,,
2018,Ystad,B,M,,L,KD,,,,,
2018,Trelleborg,B,M,,,KD,,,,,
2018,Kristianstad,B,M,C,L,KD,,,,,
2018,Simrishamn,B,M,C,L,KD,,,,,
2018,Ängelholm,B,M,C,L,KD,,,MP,,
2018,Hässleholm,B,M,,L,KD,,,,,
2018,Hylte,BL,,,L,,S,V,,,ÖP
2018,Halmstad,B,M,C,L,KD,,,,,
2018,Laholm,B,M,C,L,KD,,,MP,,ÖP
2018,Falkenberg,BL,,,L,KD,S,,MP,,
2018,Varberg,B,M,C,L,KD,,,,,
2018,Kungsbacka,B,M,C,L,KD,,,,,
2018,Härryda,B,M,C,L,KD,,,,,ÖP
2018,Partille,B,M,C,L,KD,,,,,
2018,Öckerö,B,M,,L,KD,,,,,
2018,Stenungsund,BL,,C,,,S,V,MP,,ÖP
2018,Tjörn,B,M,C,L,KD,,,MP,,
2018,Orust,BL,M,,L,,S,,,,ÖP
2018,Sotenäs,B,M,C,L,KD,,,,,
2018,Munkedal,B,M,,L,,,,,,
2018,Tanum,B,M,C,L,KD,,,,,
2018,Dals-Ed,B,M,C,L,KD,,,,,
2018,Färgelanda,B,M,C,L,,,,,,
2018,Ale,B,M,C,L,KD,,,MP,,ÖP
2018,Lerum,B,M,C,L,KD,,,,,
2018,Vårgårda,B,M,C,L,KD,,,,,
2018,Bollebygd,B,M,C,L,KD,,,,,ÖP
2018,Grästorp,B,M,C,,,,,,,
2018,Essunga,B,M,C,,KD,,,MP,,
2018,Karlsborg,B,M,C,L,KD,,,,,
2018,Gullspång,BL,,C,,,S,,,,ÖP
2018,Tranemo,BL,,,L,KD,S,V,MP,,
2018,Bengtsfors,B,M,C,,KD,,,,,
2018,Mellerud,B,M,C,L,KD,,,MP,,ÖP
2018,Lilla Edet,B,M,C,L,KD,,,MP,,
2018,Mark,BL,,C,L,,S,,,,
2018,Svenljunga,BL,,,L,,S,V,,,
2018,Herrljunga,B,M,C,,KD,,,,,ÖP
2018,Vara,B,M,C,L,,,,,,
2018,Götene,B,M,C,L,KD,,,MP,,ÖP
2018,Tibro,BL,,C,L,,S,,,,
2018,Töreboda,B,M,C,L,,,,,,
2018,Göteborg,B,M,C,L,KD,,,,,
2018,Mölndal,B,M,C,L,KD,,,MP,,
2018,Kungälv,BL,M,C,,,S,,,,
2018,Lysekil,BL,,C,L,,S,,MP,,
2018,Uddevalla,B,M,C,L,KD,,,MP,,ÖP
2018,Strömstad,BL,,,,KD,S,V,,,ÖP
2018,Vänersborg,BL,,C,,,S,,MP,,
2018,Trollhättan,V,,,,,S,V,MP,,
2018,Alingsås,B,M,C,L,KD,,,,,
2018,Borås,BL,,C,L,,S,,MP,,
2018,Ulricehamn,B,,C,,,,,,,ÖP
2018,Åmål,V,,,,,S,V,MP,,
2018,Mariestad,B,M,C,L,KD,,,,,
2018,Lidköping,BL,,C,,KD,S,,MP,,
2018,Skara,B,M,C,L,KD,,,,,
2018,Skövde,B,M,C,L,KD,,,,,
2018,Hjo,B,M,C,L,KD,,,,,
2018,Tidaholm,V,,,,,S,V,MP,,
2018,Falköping,BL,,C,,KD,S,,,,
2018,Kil,BL,,C,,,S,,,,
2018,Eda,BL,,C,,KD,,V,,,ÖP
2018,Torsby,BL,,C,L,,S,,,,
2018,Storfors,V,,,,,S,V,,,
2018,Hammarö,B,M,C,L,KD,,,MP,,
2018,Munkfors,V,,,,,S,,,,
2018,Forshaga,BL,,C,,,S,,,,
2018,Grums,V,,,,,S,,,,
2018,Årjäng,BL,,C,,,S,,MP,,
2018,Sunne,BL,,C,,,S,,,,
2018,Karlstad,B,M,C,L,KD,,,MP,,
2018,Kristinehamn,B,M,C,L,KD,,,MP,,
2018,Filipstad,V,,,,,S,V,,,
2018,Hagfors,Ö,,,,,,,,,ÖP
2018,Arvika,V,,,,,S,V,MP,,
2018,Säffle,B,M,C,L,KD,,,,,ÖP
2018,Lekeberg,BL,,C,,,S,,,,
2018,Laxå,B,,C,,KD,,,MP,,
2018,Hallsberg,V,,,,,S,,,,
2018,Degerfors,BL,M,C,L,,S,,,,
2018,Hällefors,V,,,,,S,V,,,
2018,Ljusnarsberg,BL,,,L,,S,V,MP,,
2018,Örebro,BL,,C,,KD,S,,,,
2018,Kumla,BL,M,,,,S,,,,
2018,Askersund,B,M,,L,KD,,,,,
2018,Karlskoga,B,M,C,L,KD,,,,,
2018,Nora,BL,M,C,L,KD,S,,,,
2018,Lindesberg,BL,,C,,,S,V,,,
2018,Skinnskatteberg,V,,,,,S,,,,
2018,Surahammar,BL,,C,,,S,V,,,
2018,Kungsör,BL,,,L,,S,V,,,
2018,Hallstahammar,BL,,C,L,,S,,,,
2018,Norberg,V,,,,,S,V,,,
2018,Västerås,BL,,C,L,,S,,MP,,
2018,Sala,B,M,C,L,KD,,,,,ÖP
2018,Fagersta,BL,M,,L,,S,,,,ÖP
2018,Köping,BL,M,,L,,S,V,,,
2018,Arboga,BL,M,C,L,KD,,V,MP,,ÖP
2018,Vansbro,B,M,C,,KD,,,,,ÖP
2018,Malung-Sälen,BL,,C,L,,S,,,,
2018,Gagnef,BL,M,C,,,S,,,,
2018,Leksand,B,M,C,L,KD,,,,,
2018,Rättvik,B,M,C,,KD,,,,,
2018,Orsa,B,,C,,KD,,,MP,,
2018,Älvdalen,BL,,C,L,,S,,,,
2018,Smedjebacken,V,,,,,S,V,MP,,
2018,Mora,B,M,C,,KD,,,,,ÖP
2018,Falu kommun,B,M,C,L,KD,,,,,ÖP
2018,Borlänge,BL,,C,L,,S,,MP,,ÖP
2018,Säter,BL,,C,,,S,,,,
2018,Hedemora,BL,,C,,,S,V,,,
2018,Avesta,V,,,,,S,V,,,
2018,Ludvika,BL,M,,L,KD,S,,,,
2018,Ockelbo,BL,,C,,,S,,,,
2018,Hofors,BL,,C,L,,S,,,,
2018,Ovanåker,BL,M,,L,,S,,,,
2018,Nordanstig,BL,,C,,,S,,,,ÖP
2018,Ljusdal,BL,,,L,,S,,MP,,
2018,Gävle,BL,,C,L,,S,,MP,,
2018,Sandviken,BL,,C,L,,S,,,,
2018,Söderhamn,B,M,C,L,KD,,,,,
2018,Bollnäs,BL,M,,,,S,,MP,,ÖP
2018,Hudiksvall,BL,M,,,,S,,MP,,
2018,Ånge,V,,,,,S,V,,,
2018,Timrå,V,,,,,S,V,,,
2018,Härnösand,BL,,,,KD,S,V,MP,,
2018,Sundsvall,BL,,C,,,S,V,,,
2018,Kramfors,V,,,,,S,V,,,
2018,Sollefteå,BL,,C,,,,V,,,ÖP
2018,Örnsköldsvik,V,,,,,S,,,,
2018,Ragunda,B,,C,,KD,,,,,ÖP
2018,Bräcke,BL,M,,,,S,V,,,
2018,Krokom,B,M,C,,KD,,,MP,,
2018,Strömsund,V,,,,,S,V,,,
2018,Åre,B,,C,,KD,,,,,ÖP
2018,Berg,BL,,C,,,S,,,,
2018,Härjedalen,BL,M,C,,,S,,,,
2018,Östersund,B,M,C,L,KD,,,,,
2018,Nordmaling,B,M,C,,KD,,,,,
2018,Bjurholm,B,M,C,L,KD,,,,,
2018,Vindeln,BL,,,,KD,S,V,,,
2018,Robertsfors,V,,,,,S,V,,,
2018,Norsjö,V,,,,,S,V,,,
2018,Malå,V,,,,,S,V,,,
2018,Storuman,B,M,C,L,KD,,,,,
2018,Sorsele,BL,,C,,,,V,,,
2018,Dorotea,BL,,C,L,KD,S,V,,,
2018,Vännäs,BL,M,,,,S,V,MP,,
2018,Vilhelmina,B,M,C,,KD,,,,,ÖP
2018,Åsele,V,,,,,S,,,,ÖP
2018,Umeå,V,,,,,S,,,,
2018,Lycksele,B,M,C,L,KD,,,,,
2018,Skellefteå,V,,,,,S,V,,,
2018,Arvidsjaur,V,,,,,S,V,,,
2018,Arjeplog,V,,,,,S,,,,
2018,Jokkmokk,V,,,,,S,V,,,
2018,Överkalix,V,,,,,S,,,,
2018,Kalix,V,,,,,S,V,MP,,
2018,Övertorneå,BL,,C,,KD,,V,,,ÖP
2018,Pajala,BL,,,,KD,S,,,,ÖP
2018,Gällivare,V,,,,,S,V,MP,,
2018,Älvsbyn,V,,,,,S,,,,
2018,Luleå,V,,,,,S,,,,
2018,Piteå,V,,,,,S,V,MP,,
2018,Boden,BL,,C,,,S,,MP,,ÖP
2018,Haparanda,B,M,C,,KD,,,,,ÖP
2018,Kiruna,B,M,C,,KD,,,,,ÖP
2022,Upplands Väsby,BL,,,L,,S,,,,ÖP
2022,Vallentuna,A,M,C,L,KD,,,,,
2022,Österåker,A,M,C,L,KD,,,,,
2022,Värmdö,BL,,C,L,,S,,MP,,
2022,Järfälla,BL,,C,,,S,,,,
2022,Ekerö,A,M,C,L,KD,,,,,
2022,Huddinge,BL,,C,,,S,,MP,,ÖP
2022,Botkyrka,BL,,C,L,KD,S,,MP,,
2022,Salem,A,M,C,L,KD,,,,,
2022,Haninge,A,M,,L,KD,,,,,
2022,Tyresö,BL,,,L,,S,,MP,,
2022,Upplands-Bro,A,M,C,L,KD,,,,,
2022,Nykvarn,BL,,C,,,S,,MP,,ÖP
2022,Täby,A,M,C,L,KD,,,,,
2022,Danderyd,A,M,,L,KD,,,,,
2022,Sollentuna,A,M,C,L,KD,,,,,
2022,Stockholm,V,,,,,S,V,MP,,
2022,Södertälje,BL,M,,,,S,,MP,,
2022,Nacka,A,M,C,L,KD,,,,,
2022,Sundbyberg,BL,,C,,,S,V,MP,,
2022,Solna,BL,,C,,,S,V,MP,,
2022,Lidingö,A,M,,,,,,,,ÖP
2022,Vaxholm,BL,M,,L,KD,S,V,,,
2022,Norrtälje,B,M,,L,KD,,,,SD,
2022,Sigtuna,A,M,C,L,KD,,,,,ÖP
2022,Nynäshamn,A,M,C,L,KD,,,,,
2022,Håbo,A,M,C,,KD,,,,,
2022,Älvkarleby,BL,,C,,,S,V,MP,,ÖP
2022,Knivsta,B,,,,KD,,,,SD,ÖP
2022,Heby,BL,,C,,,S,V,MP,,
2022,Tierp,A,M,C,L,KD,,,,,
2022,Uppsala,V,,,,,S,V,MP,,
2022,Enköping,BL,M,C,L,KD,,,MP,,ÖP
2022,Östhammar,B,M,,,KD,,,,SD,ÖP
2022,Vingåker,A,M,C,,KD,,,,,
2022,Gnesta,BL,M,,,,S,,,,
2022,Nyköping,BL,M,,,,S,,,,
2022,Oxelösund,B,M,,L,KD,,,,SD,
2022,Flen,BL,,C,,,S,,,,
2022,Katrineholm,BL,M,,,,S,,,,
2022,Eskilstuna,BL,M,,,,S,,,,
2022,Strängnäs,BL,M,,,,S,,,,
2022,Trosa,A,M,C,L,KD,,,,,
2022,Ödeshög,BL,M,C,,,S,,,,
2022,Ydre,A,M,C,,,,,,,
2022,Kinda,BL,M,,,KD,S,,,,
2022,Boxholm,V,,,,,S,,,,
2022,Åtvidaberg,BL,,C,L,,S,V,MP,,
2022,Finspång,BL,,C,L,,S,,,,
2022,Valdemarsvik,B,M,,,KD,,,,SD,ÖP
2022,Linköping,BL,M,,,,S,,,,
2022,Norrköping,A,M,,L,KD,,,,,
2022,Söderköping,BL,M,,,KD,S,,,,
2022,Motala,B,M,,,KD,,,,SD,
2022,Vadstena,BL,M,,,,S,,,,
2022,Mjölby,BL,,C,L,KD,S,,MP,,
2022,Aneby,BL,,C,,KD,S,,,,
2022,Gnosjö,A,M,C,,KD,,,,,
2022,Mullsjö,BL,,C,L,KD,S,,,,
2022,Habo,A,M,C,L,KD,,,,,
2022,Gislaved,BL,M,C,L,,S,,,,ÖP
2022,Vaggeryd,BL,M,,,,S,,,,
2022,Jönköping,BL,,C,L,,S,,,,
2022,Nässjö,BL,,C,,KD,S,V,,,
2022,Värnamo,A,M,C,L,KD,,,,,
2022,Sävsjö,BL,,C,,KD,S,,,,
2022,Vetlanda,B,M,,,,,,,SD,ÖP
2022,Eksjö,BL,M,,,,S,,,,
2022,Tranås,B,M,,L,KD,,,,SD,
2022,Uppvidinge,B,,C,,KD,,,,SD,ÖP
2022,Lessebo,BL,,C,,,S,V,,,
2022,Tingsryd,A,M,C,,KD,,,,,
2022,Alvesta,BL,,C,,KD,S,,,,
2022,Älmhult,BL,,C,,,S,,,,
2022,Mark,A,M,C,,KD,,,,,
2022,Växjö,V,,,,,S,V,MP,,
2022,Ljungby,A,M,C,,KD,,,,,
2022,Högsby,BL,,C,,,S,V,,,
2022,Torsås,BL,M,C,,,S,V,,,
2022,Mörbylånga,BL,,C,,,S,,,,
2022,Hultsfred,A,M,C,,KD,,,,,
2022,Mönsterås,A,M,C,L,KD,,,,,
2022,Emmaboda,A,M,C,,KD,,,,,
2022,Kalmar,BL,,C,,,S,V,,,
2022,Nybro,BL,,C,,,S,,,,
2022,Oskarshamn,BL,M,,,,S,,,,
2022,Västervik,A,M,,L,KD,,,,,ÖP
2022,Vimmerby,BL,,C,,,S,V,,,
2022,Borgholm,BL,,C,,,S,V,,,
2022,Gotland,BL,M,,,,S,,,,
2022,Olofström,BL,,C,,,S,,,,
2022,Karlskrona,B,M,,L,KD,,,,SD,
2022,Ronneby,B,M,,L,KD,,,,SD,
2022,Karlshamn,B,M,,,KD,,,,SD,
2022,Sölvesborg,BL,M,C,,,S,,,,ÖP
2022,Svalöv,B,M,,,KD,,,,SD,
2022,Staffanstorp,B,M,,,,,,,SD,
2022,Burlöv,A,M,C,L,,,,,,
2022,Vellinge,A,M,,,,,,,,
2022,Östra Göinge,A,M,C,,KD,,,,,
2022,Örkelljunga,B,M,,,,,,,SD,
2022,Bjuv,B,M,,,,,,,SD,
2022,Kävlinge,B,M,,,KD,,,,SD,
2022,Lomma,A,M,C,L,KD,,,,,
2022,Svedala,A,M,C,L,KD,,,,,ÖP
2022,Skurup,B,M,,,KD,,,,SD,
2022,Sjöbo,BL,M,C,L,,S,,,,
2022,Hörby,B,M,,,,,,,SD,
2022,Höör,A,M,C,L,KD,,,,,
2022,Tomelilla,A,M,C,L,KD,,,,,
2022,Bromölla,V,,,,,S,V,,,
2022,Osby,A,M,C,,KD,,,,,
2022,Perstorp,BL,M,C,,KD,S,,,,ÖP
2022,Klippan,B,,,,KD,,,,SD,ÖP
2022,Åstorp,B,M,,,KD,,,,SD,
2022,Båstad,BL,M,,L,KD,S,,,,
2022,Malmö,BL,,,L,,S,,MP,,
2022,Lund,BL,M,,,KD,S,,,,
2022,Landskrona,BL,M,,L,,,,MP,,
2022,Helsingborg,A,M,,L,KD,,,,,
2022,Höganäs,BL,M,C,,KD,,,MP,,
2022,Eslöv,BL,M,,L,,S,,,,
2022,Ystad,A,M,,L,KD,,,,,
2022,Trelleborg,B,M,,L,KD,,,,SD,
2022,Kristianstad,B,M,,,KD,,,,SD,
2022,Simrishamn,A,M,C,L,KD,,,,,
2022,Ängelholm,A,M,C,L,KD,,,,,
2022,Hässleholm,B,M,,,KD,,,,SD,
2022,Hylte,BL,,,L,,S,V,,,ÖP
2022,Halmstad,BL,M,,,KD,S,,,,
2022,Laholm,A,M,C,L,KD,,,,,
2022,Falkenberg,BL,,,L,KD,S,V,MP,,
2022,Varberg,B,M,,L,KD,,,,SD,
2022,Kungsbacka,A,M,C,L,KD,,,,,
2022,Härryda,A,M,C,L,KD,,,,,ÖP
2022,Partille,A,M,,L,KD,,,,,
2022,Öckerö,A,M,,L,KD,,,,,
2022,Stenungsund,BL,M,,,,S,,,,
2022,Tjörn,B,M,C,L,,,,,SD,ÖP
2022,Orust,BL,M,,L,,S,,,,
2022,Sotenäs,V,,,,,S,,,,
2022,Munkedal,B,M,,,KD,,,,SD,
2022,Tanum,A,M,C,L,KD,,,,,
2022,Dals-Ed,A,M,C,L,KD,,,,,
2022,Färgelanda,BL,M,,L,,S,,,,
2022,Ale,B,M,,,KD,,,,SD,ÖP
2022,Lerum,BL,M,,,,S,,,,
2022,Vårgårda,A,M,C,L,KD,,,,,
2022,Bollebygd,BL,M,,,,S,V,MP,,
2022,Grästorp,A,M,C,,,,,,,
2022,Essunga,BL,M,C,,KD,,,MP,,
2022,Karlsborg,A,M,C,L,KD,,,,,
2022,Gullspång,BL,M,,,KD,,V,,,ÖP
2022,Tranemo,BL,,C,L,,S,,,,
2022,Bengtsfors,A,M,C,L,KD,,,,,
2022,Mellerud,A,M,,,KD,,,,,ÖP
2022,Lilla Edet,BL,M,C,,,S,,,,
2022,Mark,BL,,C,,,S,,,,
2022,Svenljunga,B,M,,,KD,,,,SD,ÖP
2022,Herrljunga,BL,,C,L,,S,V,,,
2022,Vara,B,M,,L,KD,,,,SD,
2022,Götene,BL,M,C,L,KD,,,MP,,ÖP
2022,Tibro,BL,,C,L,,S,,,,
2022,Töreboda,A,M,,L,,,,,,
2022,Göteborg,V,,,,,S,V,MP,,
2022,Mölndal,BL,M,,,,S,,,,
2022,Kungälv,BL,M,,,,S,,MP,,
2022,Lysekil,V,,,,,S,,MP,,
2022,Uddevalla,B,M,,,KD,,,,SD,ÖP
2022,Strömstad,BL,M,,,KD,S,V,,,
2022,Vänersborg,BL,,C,,KD,S,,MP,,
2022,Trollhättan,A,M,C,,KD,,,,,
2022,Alingsås,A,M,C,L,,,,,,
2022,Borås,BL,,C,L,,S,,MP,,
2022,Ulricehamn,A,M,C,L,KD,,,,,
2022,Åmål,A,M,C,L,KD,,,,,
2022,Mariestad,A,M,C,,KD,,,,,
2022,Lidköping,BL,M,,L,KD,,V,,,
2022,Skara,BL,,C,L,,S,,MP,,
2022,Skövde,BL,M,,,KD,S,,,,
2022,Hjo,A,M,C,L,KD,,,,,
2022,Tidaholm,B,M,,L,KD,,,,SD,ÖP
2022,Falköping,BL,M,C,L,KD,,V,MP,,
2022,Kil,BL,,C,,,S,,MP,,
2022,Eda,BL,M,C,L,KD,,V,,,ÖP
2022,Torsby,V,,,,,S,,,,
2022,Storfors,V,,,,,S,,,,
2022,Hammarö,BL,,C,,,S,V,MP,,
2022,Munkfors,V,,,,,S,,,,
2022,Forshaga,BL,,C,,,S,,,,
2022,Grums,V,,,,,S,V,,,
2022,Årjäng,A,M,,L,KD,,,,,
2022,Sunne,A,M,,L,,,,,,ÖP
2022,Karlstad,BL,,C,,,S,,MP,,
2022,Kristinehamn,BL,,C,,,S,V,MP,,
2022,Filipstad,B,M,C,L,,,,,SD,
2022,Hagfors,Ö,,,,,,,,,ÖP
2022,Arvika,BL,,C,,,S,V,MP,,
2022,Säffle,BL,M,C,L,KD,,,MP,,
2022,Lekeberg,BL,M,,L,KD,,V,,,ÖP
2022,Laxå,BL,,C,,KD,,V,,,
2022,Hallsberg,BL,,C,L,KD,S,,,,
2022,Degerfors,BL,M,,,,,V,MP,,
2022,Hällefors,V,,,,,S,,,,
2022,Ljusnarsberg,V,,,,,S,V,,,
2022,Örebro,BL,M,C,,,S,,,,
2022,Kumla,BL,M,,,,S,,,,
2022,Askersund,A,M,,L,KD,,,,,
2022,Karlskoga,A,M,C,L,KD,,,,,
2022,Nora,BL,M,,,KD,S,,,,
2022,Lindesberg,B,M,,,,,,,SD,
2022,Skinnskatteberg,B,,C,,,,,,SD,
2022,Surahammar,BL,M,C,,KD,S,,,,
2022,Kungsör,BL,,C,,,S,V,,,
2022,Hallstahammar,BL,,,L,,S,V,MP,,
2022,Norberg,V,,,,,S,,,,ÖP
2022,Västerås,BL,,C,,KD,S,V,,,
2022,Sala,BL,,C,,,S,V,MP,,
2022,Fagersta,BL,M,C,L,,S,,,,
2022,Köping,BL,,C,,KD,S,V,,,
2022,Arboga,B,M,,L,KD,,,,SD,
2022,Vansbro,BL,M,,,,S,,,,
2022,Malung-Sälen,BL,M,,,,S,,,,
2022,Gagnef,BL,M,C,,,S,,,,
2022,Leksand,BL,M,C,L,,S,,,,
2022,Rättvik,A,M,C,,KD,,,,,
2022,Orsa,BL,,C,,,S,,,,
2022,Älvdalen,BL,,C,,,S,,,,
2022,Smedjebacken,V,,,,,S,V,,,
2022,Mora,A,M,C,,KD,,,,,ÖP
2022,Falu kommun,BL,M,,,,S,,,,
2022,Borlänge,BL,M,,,,S,,,,
2022,Säter,BL,,C,,KD,S,,,,
2022,Hedemora,BL,M,,,,S,,MP,,
2022,Avesta,BL,,C,,,S,,,,
2022,Ludvika,BL,M,,,KD,S,,,,
2022,Ockelbo,V,,,,,S,,,,
2022,Hofors,BL,,C,L,,S,,,,
2022,Ovanåker,BL,,C,,,S,,,,
2022,Nordanstig,BL,M,,L,,S,,,,
2022,Ljusdal,B,M,,L,KD,,,,SD,ÖP
2022,Gävle,BL,,C,L,KD,S,,MP,,
2022,Sandviken,BL,,C,L,,S,,,,
2022,Söderhamn,A,M,C,L,KD,,,,,
2022,Bollnäs,BL,M,C,,,S,,,,
2022,Hudiksvall,BL,M,,,,S,,MP,,
2022,Ånge,BL,M,C,,KD,S,,,,
2022,Timrå,BL,M,,,,S,,,,
2022,Härnösand,BL,,,,KD,S,V,MP,,
2022,Sundsvall,BL,,C,,,S,V,,,
2022,Kramfors,V,,,,,S,V,,,
2022,Sollefteå,BL,,C,,,,V,,,ÖP
2022,Örnsköldsvik,A,M,C,,KD,,,,,
2022,Ragunda,A,M,C,,KD,,,,,ÖP
2022,Bräcke,BL,,C,,,S,,,,
2022,Krokom,BL,M,,,KD,S,,,,
2022,Strömsund,BL,,C,,,S,,,,
2022,Åre,V,,,,,S,V,,,ÖP
2022,Berg,BL,,C,,,S,,,,
2022,Härjedalen,BL,M,C,,,S,,,,
2022,Östersund,BL,,C,,,S,,,,
2022,Nordmaling,A,M,C,L,KD,,,,,
2022,Bjurholm,B,M,,L,KD,,,,SD,
2022,Vindeln,BL,,,,KD,S,,,,
2022,Robertsfors,V,,,,,S,V,,,
2022,Norsjö,V,,,,,S,V,,,
2022,Malå,V,,,,,,V,,,
2022,Storuman,BL,,C,,KD,S,,,,
2022,Sorsele,V,,,,,S,V,,,
2022,Dorotea,BL,,C,L,KD,S,V,,,
2022,Vännäs,BL,M,,,,S,V,,,
2022,Vilhelmina,V,,,,,S,,,,
2022,Åsele,V,,,,,S,,,,ÖP
2022,Umeå,V,,,,,S,,MP,,
2022,Lycksele,A,M,C,L,KD,,,,,
2022,Skellefteå,V,,,,,S,V,,,
2022,Arvidsjaur,V,,,,,S,,,,
2022,Arjeplog,BL,,,L,,S,,,,
2022,Jokkmokk,V,,,,,,V,MP,,ÖP
2022,Överkalix,V,,,,,S,,,,
2022,Kalix,BL,,C,,,S,,MP,,
2022,Övertorneå,BL,,C,,KD,,V,,,ÖP
2022,Pajala,BL,M,C,,KD,S,,,,ÖP
2022,Gällivare,V,,,,,S,,MP,,
2022,Älvsbyn,B,M,,L,KD,,,,SD,
2022,Luleå,V,,,,,S,V,MP,,
2022,Piteå,BL,,C,,,S,,,,
2022,Boden,V,,,,,S,,,,ÖP
2022,Haparanda,V,,,,,S,V,,,
2022,Kiruna,V,,,,,S,V,,,ÖP
